Estacion: RUTA PROVINCIAL NÂº 157 - ATAHONA,,,,
Parametro: Aforos,,,,
,,,,
Fecha y Hora,Altura Escala [m],Caudal Liquido [m3/s],Caudal Solido Grueso [kg/s],Caudal Solido Fino [kg/s]
30/05/2004 09:30:00 a.m.,"1,73","13,784","36,773","0,644"
25/06/2004 04:15:00 p.m.,"1,6","9,522","2,414","0,512"
20/07/2004 04:25:00 p.m.,"1,55","7,115","0,632","0,905"
19/08/2004 01:20:00 p.m.,"1,48","3,859","24,192","1,447"
15/09/2004 04:00:00 p.m.,"1,43","1,655","0,03","0,046"
13/10/2004 04:05:00 p.m.,"1,37","0,771","0,033","0,044"
17/11/2004 04:40:00 p.m.,"1,71","9,493","1,748","1,3"
02/12/2004 08:30:00 a.m.,"1,66","13,169","2,151","6,721"
15/12/2004 03:20:00 p.m.,"1,7","11,736","2,003","0,831"
06/01/2005 08:50:00 a.m.,"1,85","22,069","11,663","4,309"
19/01/2005 01:45:00 p.m.,"1,74","17,643","1,121","2,078"
02/02/2005 01:45:00 p.m.,"1,925","23,412","14,934","6,622"
16/02/2005 01:35:00 p.m.,"1,66","8,692","0,889","1,667"
02/03/2005 03:30:00 p.m.,"2,33","57,622","30,058","51,782"
16/03/2005 03:05:00 p.m.,"1,93","24,508","0,34","2,204"
06/04/2005 03:45:00 p.m.,"2,05","38,229","39,403","10,377"
20/04/2005 04:00:00 p.m.,"1,85","21,933","9,049","2,743"
06/05/2005 01:30:00 p.m.,"1,78","14,937","3,224","0,738"
18/05/2005 11:25:00 a.m.,"1,72","12,17","2,497","0,619"
17/06/2005 09:30:00 a.m.,"1,8","13,567","4,064","0,789"
07/07/2005 01:30:00 p.m.,"1,64","7,529","4,196","1,452"
12/08/2005 02:30:00 p.m.,"1,54","3,55","3,812","0,539"
12/09/2005 09:30:00 a.m.,"1,52","2,849","0,321","0,246"
13/10/2005 04:00:00 p.m.,"1,41","1,346","0,08","0,117"
22/11/2005 03:00:00 p.m.,"1,74","10,66","1,575","0,734"
06/12/2005 01:50:00 p.m.,"2,275","35,523","17,443","3,856"
27/12/2005 02:30:00 p.m.,"2,1","31,909","12,518","1,903"
09/01/2006 07:05:00 p.m.,"1,69","15,017","3,332","1,889"
26/01/2006 03:00:00 p.m.,"2,08","35,093","22,197","5,853"
07/02/2006 10:45:00 a.m.,"2,04","38,268","11,437","9,464"
21/02/2006 02:30:00 p.m.,"1,8","15,908","3,037","1,165"
08/03/2006 04:20:00 p.m.,"1,72","11,923","0,664","0,701"
17/03/2006 03:30:00 p.m.,"2,45","60,651","43,594","25,929"
07/04/2006 04:10:00 p.m.,"2,34","43,553","73,253","10,643"
26/04/2006 03:00:00 p.m.,"1,74","13,632","4,587","0,618"
09/05/2006 02:30:00 p.m.,"2,095","28,147","11,43","4,052"
23/05/2006 02:30:00 p.m.,"1,75","11,558","4,684","0,653"
08/06/2006 03:00:00 p.m.,"1,68","8,367","1,05","0,576"
06/07/2006 02:30:00 p.m.,"1,6","5,265","0,495","0,307"
22/08/2006 03:20:00 p.m.,"1,52","2,734","0,084","0,423"
13/09/2006 03:00:00 p.m.,"1,48","1,551","0,235","0,808"
19/10/2006 03:00:00 p.m.,"1,49","1,785","0,15","0,553"
27/11/2006 03:00:00 p.m.,"1,825","14,644","2,525","0,945"
12/12/2006 01:30:00 p.m.,"2,015","26,262","22,239","3,354"
19/12/2006 02:30:00 p.m.,"1,95","21,941","40,876","2,304"
03/01/2007 01:25:00 p.m.,"2,12","33,524","28,339","12,265"
24/01/2007 02:45:00 p.m.,"2,03","35,794","16,742","15,633"
07/02/2007 02:40:00 p.m.,"2,18","40,954","28,393","17,284"
26/02/2007 02:10:00 p.m.,"1,95","15,324","0,995","28,496"
02/03/2007 03:00:00 p.m.,"2,34","99,631","139,006","180,311"
29/03/2007 02:25:00 p.m.,"2,33","44,576","49,929","7,837"
11/04/2007 12:00:00 p.m.,"1,84","15,951","3,512","1,662"
17/04/2007 12:00:00 p.m.,"1,8","15,039","2,302","1,761"
09/05/2007 04:15:00 p.m.,"2,14","34,761","22,356","11,852"
30/05/2007 03:30:00 p.m.,"1,9","17,469","5,699","1,755"
13/06/2007 09:30:00 a.m.,"1,7","8,326","0,638","0,408"
05/07/2007 03:30:00 p.m.,"1,66","7,264","0,486","0,247"
14/08/2007 03:30:00 p.m.,"1,58","3,563","0,096","0,182"
18/09/2007 04:00:00 p.m.,"1,56","3,013","0,085","0,187"
04/10/2007 04:30:00 p.m.,"1,53","4,365","0,069","0,174"
06/11/2007 03:30:00 p.m.,"1,66","16,372","1,044","1,297"
04/12/2007 11:30:00 a.m.,"1,89","32,542",,
06/12/2007 01:00:00 p.m.,"2,42","138,458","86,403","181,258"
10/12/2007 03:30:00 p.m.,"1,82","34,126",,
13/12/2007 04:00:00 p.m.,"1,9","36,161",,
17/12/2007 03:30:00 p.m.,"2,1","57,963","33,308","13,963"
20/12/2007 03:30:00 p.m.,"1,83","31,047",,
24/12/2007 11:40:00 a.m.,"1,79","29,036",,
26/12/2007 12:10:00 p.m.,"2,01","50,652",,
10/01/2008 03:00:00 p.m.,"2,26","81,627","36,861","55,063"
22/01/2008 03:30:00 p.m.,"2,22","71,992","75,412","34,73"
12/02/2008 03:20:00 p.m.,"2,21","62,397","20,251","17,089"
26/02/2008 11:00:00 a.m.,"2,325","75,971","100,689","22,037"
03/03/2008 04:00:00 p.m.,"2,1","54,604","3,973","6,551"
07/03/2008 09:00:00 a.m.,"2,89","190,254","207,45","216,224"
10/03/2008 03:00:00 p.m.,"2,57","126,04","51,91","55,174"
13/03/2008 04:00:00 p.m.,"2,45","148,583","150,428","132,453"
17/03/2008 03:00:00 p.m.,"2,25","93,195","24,923","28,755"
20/03/2008 04:00:00 p.m.,"2,21","29,746","3,9","3,811"
24/03/2008 03:30:00 p.m.,"2,4","44,75","7,161","9,944"
30/03/2008 04:30:00 p.m.,"2,59","179,943","168,629","167,159"
08/04/2008 03:00:00 p.m.,"2,915","140,418","118,721","313,421"
14/04/2008 03:00:00 p.m.,"2,08","26,372","1,734","1,924"
24/04/2008 03:00:00 p.m.,"1,9","15,451","0,566","0,917"
29/04/2008 03:30:00 p.m.,"1,85","13,358","0,526","0,638"
12/05/2008 02:30:00 p.m.,"1,85","12,742","0,759","0,639"
04/06/2008 02:30:00 p.m.,"1,78","11,195","0,568","0,435"
02/07/2008 03:30:00 p.m.,"1,7","5,736","0,156","0,371"
12/08/2008 02:00:00 p.m.,"1,65","4,808","0,087","0,447"
02/09/2008 12:40:00 p.m.,"1,61","4,17","0,08","0,768"
02/10/2008 01:10:00 p.m.,"1,57","2,576","0,026","0,132"
23/10/2008 12:30:00 p.m.,"2,19","25,737","2,637","15,89"
06/11/2008 03:30:00 p.m.,"1,62","3,896","0,076","0,202"
13/11/2008 12:20:00 p.m.,"1,7","6,574","0,203","0,411"
20/11/2008 02:30:00 p.m.,"1,67","5,249","0,457","0,317"
27/11/2008 02:30:00 p.m.,"1,66","5,027","0,282","0,298"
01/12/2008 03:20:00 p.m.,"2,05","16,591","1,046","1,622"
04/12/2008 02:30:00 p.m.,"2,15","24,905","1,484","3,083"
09/12/2008 03:30:00 p.m.,"1,74","10,237","0,421","0,59"
11/12/2008 11:10:00 a.m.,"1,98","17,443","0,998","2,222"
16/12/2008 09:30:00 a.m.,"2,02","18,514","155,516","2,362"
18/12/2008 02:20:00 p.m.,"1,86","13,116","2,409","1,087"
22/12/2008 04:30:00 p.m.,"2,865","137,637","2,702","17,735"
29/12/2008 02:00:00 p.m.,"1,84","14,665","1,693","0,974"
05/01/2009 03:30:00 p.m.,"1,85","12,716","0,82","0,71"
08/01/2009 03:30:00 p.m.,"1,79","9,652","0,32","0,5"
12/01/2009 03:00:00 p.m.,"1,8","11,302","1,714","0,561"
16/01/2009 08:30:00 a.m.,"1,79","10,447","0,657","0,456"
19/01/2009 11:30:00 a.m.,"2,45","39,565","4,469","4,943"
22/01/2009 04:00:00 p.m.,"1,91","15,081","0,606","0,918"
27/01/2009 12:30:00 p.m.,"2,185","29,259","2,937","8,202"
29/01/2009 12:00:00 p.m.,"2,245","34,479","2,199","6,844"
02/02/2009 12:20:00 p.m.,"1,94","17,881","1,219","1,785"
05/02/2009 12:30:00 p.m.,"2,08","25,657","1,163","4,062"
10/02/2009 01:10:00 p.m.,"2,42","40,714","3,604","6,923"
12/02/2009 12:00:00 p.m.,"2,37","44,3","6,453","7,874"
16/02/2009 03:00:00 p.m.,"2,15","29,261","1,691","2,439"
19/02/2009 02:30:00 p.m.,"2,01","20,329","0,812","2,183"
23/02/2009 02:00:00 p.m.,"2,565","61,698","16,618","59,506"
26/02/2009 01:30:00 p.m.,"2,1","31,73","6,696","8,351"
03/03/2009 12:40:00 p.m.,"1,86","18,157","1,45","2,072"
05/03/2009 12:45:00 p.m.,"2,34","41,547","8,131","22,367"
11/03/2009 01:15:00 p.m.,"2,43","53,485","20,585","39,216"
12/03/2009 12:15:00 p.m.,"2,38","45,937","8,687","19,808"
16/03/2009 01:20:00 p.m.,"2,02","22,43","3,252","2,957"
19/03/2009 01:10:00 p.m.,"1,94","19,655","3,007","1,715"
26/03/2009 12:30:00 p.m.,"2,11","25,869","4,676","5,314"
27/03/2009 11:50:00 a.m.,"2,01","21,942","3,399","2,985"
06/04/2009 12:40:00 p.m.,"2,19","32,554","5,413","9,323"
13/04/2009 01:30:00 p.m.,"1,92","17,453","1,203","1,623"
16/04/2009 02:00:00 p.m.,"1,8","12,067","0,591","0,779"
20/04/2009 02:10:00 p.m.,"1,81","14,537","0,721","1,143"
06/05/2009 02:00:00 p.m.,"1,83","14,11","0,34","0,906"
04/06/2009 02:30:00 p.m.,"1,78","10,62","0,116","0,461"
02/07/2009 12:30:00 p.m.,"1,62","5,072","0,176","0,366"
11/08/2009 12:50:00 p.m.,"1,6","4,399","0,285","1,021"
15/09/2009 02:40:00 p.m.,"1,5","1,821","0,031","0,145"
09/10/2009 03:20:00 p.m.,"1,41","0,622","0,003","0,014"
22/10/2009 12:10:00 p.m.,"1,42","0,096","0,001","0,002"
06/11/2009 12:10:00 p.m.,"1,4","0,037",0,"0,001"
09/11/2009 01:00:00 p.m.,"1,39","0,038",0,"0,001"
16/11/2009 09:35:00 a.m.,"1,38","0,036",0,"0,001"
23/11/2009 12:00:00 p.m.,"1,57","3,293","0,043","0,143"
01/12/2009 11:50:00 a.m.,"2,11","24,519","3,158","4,819"
07/12/2009 12:40:00 p.m.,"2,02","20,662","1,953","3,346"
10/12/2009 12:10:00 p.m.,"1,81","11,482","1,139","1,173"
16/12/2009 12:20:00 p.m.,"1,86","14,262","1,561","2,356"
07/01/2010 01:00:00 p.m.,"2,71","118,076","168,495","235,076"
13/01/2010 12:50:00 p.m.,"2,41","66,432","59,842","114,119"
22/01/2010 12:00:00 p.m.,"1,86","17,672","1,1","1,613"
27/01/2010 11:40:00 a.m.,"1,71","12,23","0,201","0,755"
03/02/2010 12:30:00 p.m.,"1,81","14,954","3,532","2,075"
10/02/2010 12:20:00 p.m.,"2,02","23,862","1,535","4,838"
17/02/2010 12:25:00 p.m.,"2,53","88,588","1,688","12,277"
25/02/2010 01:00:00 p.m.,"3,13","215,797","239,864","732,436"
03/03/2010 01:10:00 p.m.,"2,16","29,306","2,825","4,594"
05/03/2010 11:55:00 a.m.,"2,16","30,321","8,308","5,862"
09/03/2010 11:10:00 a.m.,"1,97","14,734","2,081","1,419"
12/03/2010 12:10:00 p.m.,"2,3","20,928","2,498","4,828"
15/03/2010 01:10:00 p.m.,"2,34","23,003","3,706","6,377"
19/03/2010 04:00:00 p.m.,"2,26","19,89","2,283","2,624"
23/03/2010 03:00:00 p.m.,"2,48","33,044","1,817","7,535"
26/03/2010 12:05:00 p.m.,"2,41","26,651","3,339","5,338"
06/04/2010 12:30:00 p.m.,"2,38","24,292","3,825","3,53"
09/04/2010 11:30:00 a.m.,"2,14","28,059","1,004","2,006"
12/04/2010 12:15:00 p.m.,"2,02","18,381","0,789","1,454"
15/04/2010 12:45:00 p.m.,"2,05","19,364","0,911","1,209"
05/05/2010 11:50:00 a.m.,"1,8","10,379","0,108","0,351"
04/06/2010 12:20:00 p.m.,"1,75","7,214","0,579","0,388"
02/07/2010 12:00:00 p.m.,"1,71","5,212","0,155","0,471"
05/08/2010 12:00:00 p.m.,"1,69","5,158","0,379","0,475"
10/09/2010 11:30:00 a.m.,"1,63","3,598","0,115","0,344"
06/10/2010 11:40:00 a.m.,"1,6","2,365","0,019","0,06"
20/10/2010 01:00:00 p.m.,"1,65","3,392","0,295","0,544"
02/11/2010 03:00:00 p.m.,"1,59","2,537","0,022","0,084"
11/11/2010 12:30:00 p.m.,"1,5","0,524","0,002","0,005"
15/11/2010 10:20:00 a.m.,"1,48","0,43","0,003","0,008"
24/11/2010 12:10:00 p.m.,"1,975","13,059","2,078","3,66"
01/12/2010 11:35:00 a.m.,"1,82","8,424","0,295","0,826"
06/12/2010 11:20:00 a.m.,"1,81","9,188","1,346","1,235"
09/12/2010 10:40:00 a.m.,"1,74","7,089","0,397","0,9"
13/12/2010 10:40:00 a.m.,"1,67","4,087","0,038","0,107"
16/12/2010 12:40:00 p.m.,"1,71","5,481","0,119","0,258"
20/12/2010 10:20:00 a.m.,"1,61","2,753","0,073","0,11"
23/12/2010 12:00:00 p.m.,"1,6","2,638","0,048","0,148"
28/12/2010 11:30:00 a.m.,"1,99","14,222","1,554","2,172"
03/01/2011 11:40:00 a.m.,"1,91","19,127","0,862","1,869"
05/01/2011 11:45:00 a.m.,"1,88","10,35","0,877","0,979"
10/01/2011 12:50:00 p.m.,"3,29","212,747","14,711","185,522"
14/01/2011 11:50:00 a.m.,"2,01","15,232","0,317","1,436"
18/01/2011 12:10:00 p.m.,"1,92","11,06","0,364","1,068"
24/01/2011 12:15:00 p.m.,"2,215","23,685","1,806","2,929"
26/01/2011 12:20:00 p.m.,"2,09","21,494","1,055","0,9"
28/01/2011 12:55:00 p.m.,"2,55","42,346","21,659","13,076"
01/02/2011 04:30:00 p.m.,"2,98","110,2","27,302","188,766"
04/02/2011 12:40:00 p.m.,"2,53","41,06","6,28","14,672"
07/02/2011 01:40:00 p.m.,"2,685","53,108","64,298","92,371"
11/02/2011 12:35:00 p.m.,"2,75","59,026","31,09","38,554"
14/02/2011 12:20:00 p.m.,"2,52","33,218","2,099","6,831"
17/02/2011 11:30:00 a.m.,"2,48","26,478","3,343","3,323"
21/02/2011 01:00:00 p.m.,"3,07","148,803","67,026","166,179"
24/02/2011 11:20:00 a.m.,"3,42","239,849","17,85","59,854"
02/03/2011 12:25:00 p.m.,"2,49","49,863","4,199","4,249"
04/03/2011 11:50:00 a.m.,"2,44","44,588","4,042","3,145"
09/03/2011 01:00:00 p.m.,"2,88","131,446","22,498","46,905"
14/03/2011 12:40:00 p.m.,"2,48","47,474","2,446","6,274"
18/03/2011 12:00:00 p.m.,"2,25","53,192","7,43","4,141"
21/03/2011 12:20:00 p.m.,"2,24","64,098","12,312","6,294"
23/03/2011 11:50:00 a.m.,"2,14","50,961","4,888","4,572"
28/03/2011 12:10:00 p.m.,"2,51","71,057","1,718","6,543"
04/04/2011 12:10:00 p.m.,"2,12","40,121","1,288","0,883"
11/04/2011 12:35:00 p.m.,"3,47","186,752","88,375","90,047"
20/04/2011 12:10:00 p.m.,"2,06","22,67","2,287","1,178"
25/04/2011 12:25:00 p.m.,"1,94","15,905","0,599","0,597"
03/05/2011 12:10:00 p.m.,"1,88","14,663","0,529","0,148"
10/06/2011 12:40:00 p.m.,"1,78","9,228","0,38","0,182"
05/07/2011 12:30:00 p.m.,"1,75","7,345","1,295","1,194"
08/08/2011 11:30:00 a.m.,"1,72","5,259","0,643",592
06/09/2011 12:30:00 p.m.,"1,66","4,231","0,114","0,618"
06/10/2011 12:30:00 p.m.,"1,68","4,737","0,197","1,707"
25/10/2011 01:40:00 p.m.,"1,88","12,079","1,233","1,86"
01/11/2011 12:20:00 p.m.,"1,64","3,761","0,048","0,09"
08/11/2011 12:05:00 p.m.,"1,57","2,146","0,018","0,03"
17/11/2011 11:20:00 a.m.,"1,89","13,74","0,827","1,405"
24/11/2011 11:40:00 a.m.,"1,73","6,128","0,181","0,364"
01/12/2011 12:30:00 p.m.,"2,65","49,272","0,724","2,64"
05/12/2011 11:40:00 a.m.,"1,99","16,402","2,61","5,329"
09/12/2011 10:30:00 a.m.,"2,86","59,924","6,15","47,727"
12/12/2011 12:50:00 p.m.,"2,02","22,336","1,168","2,423"
14/12/2011 01:30:00 p.m.,"1,99","20,639","0,785","4,297"
16/12/2011 01:05:00 p.m.,"1,97","19,636","0,355","1,573"
19/12/2011 01:25:00 p.m.,"1,82","14,027","0,308","0,99"
22/12/2011 01:35:00 p.m.,"1,74","10,491","0,16","0,535"
04/01/2012 01:20:00 p.m.,"1,83","12,728","0,588","0,881"
09/01/2012 12:50:00 p.m.,"1,8","11,619","0,963","1,838"
13/01/2012 12:30:00 p.m.,"2,04","20,333","1,864","2,76"
16/01/2012 12:40:00 p.m.,"1,85","13,706","0,167","5,122"
18/01/2012 12:40:00 p.m.,"1,8","11,688","0,072","0,804"
23/01/2012 12:40:00 p.m.,"1,97","18,656","0,563","1,086"
27/01/2012 01:00:00 p.m.,"1,92","15,904","0,204","0,84"
30/01/2012 01:00:00 p.m.,"1,81","12,49","0,205","2,053"
01/02/2012 04:10:00 p.m.,"2,2","26,248","0,254","3,498"
06/02/2012 02:30:00 p.m.,"1,83","11,951","0,077","0,704"
10/02/2012 02:40:00 p.m.,"2,65","55,249","4,071","10,732"
13/02/2012 12:25:00 p.m.,"2,02","19,816","0,719","6,999"
15/02/2012 02:00:00 p.m.,"2,12","24,426","1,383","3,551"
22/02/2012 02:50:00 p.m.,"2,56","42,566","1,387","16,183"
24/02/2012 12:15:00 p.m.,"3,05","72,713","1,011","5,824"
29/02/2012 12:30:00 p.m.,"2,24","27,035","0,825","2,171"
02/03/2012 04:20:00 p.m.,"2,5","37,773","1,954","5,352"
05/03/2012 12:35:00 p.m.,"2,01","14,418","0,102","0,514"
09/03/2012 01:00:00 p.m.,"2,09","17,755","0,485","0,995"
12/03/2012 01:15:00 p.m.,2,"14,485","0,938","4,166"
16/03/2012 01:10:00 p.m.,"1,94","11,481","0,18","0,507"
19/03/2012 03:10:00 p.m.,"1,85","8,809","0,155","0,329"
23/03/2012 03:00:00 p.m.,"2,62","50,044","2,919","9,69"
27/03/2012 02:30:00 p.m.,"2,45","37,607","2,731","10,581"
04/04/2012 12:25:00 p.m.,"2,2","24,18","0,213","0,496"
10/04/2012 12:20:00 p.m.,"2,21","24,744","0,25","0,381"
19/04/2012 01:10:00 p.m.,"2,08","17,02","0,244","0,311"
23/04/2012 12:35:00 p.m.,"2,46","36,211","1,846","5,444"
16/05/2012 12:40:00 p.m.,"1,98","13,557","0,283","0,313"
21/06/2012 12:15:00 p.m.,"1,78","6,181","0,111","0,145"
12/07/2012 01:00:00 p.m.,"1,73","4,741","0,285","0,325"
13/08/2012 03:10:00 p.m.,"1,71","4,683","0,068","0,553"
14/09/2012 01:20:00 p.m.,"1,66","3,544","0,223","0,616"
11/10/2012 12:30:00 p.m.,"1,67","3,452","0,033","0,106"
19/10/2012 12:30:00 p.m.,"1,6","2,278","0,139","0,201"
06/11/2012 12:50:00 p.m.,2,"13,042","0,422","2,759"
16/11/2012 12:45:00 p.m.,"1,93","11,719","0,272","0,652"
23/11/2012 12:30:00 p.m.,"1,76","6,371","1,109","0,936"
27/11/2012 12:50:00 p.m.,"2,08","17,046","0,677","6,636"
04/12/2012 03:10:00 p.m.,"1,98","12,002","0,166","0,592"
10/12/2012 12:20:00 p.m.,"2,1","16,775","0,468","1,32"
13/12/2012 03:00:00 p.m.,"2,41","27,911","0,238","1,198"
14/12/2012 12:40:00 p.m.,"2,44","29,058","1,86","11,08"
17/12/2012 12:20:00 p.m.,"1,87","10,091","0,509","0,809"
19/12/2012 12:50:00 p.m.,"1,8","7,51","0,118","0,544"
26/12/2012 12:25:00 p.m.,"1,75","6,088","0,132","0,758"
28/12/2012 12:25:00 p.m.,"1,67","3,871","0,038","0,216"
03/01/2013 11:25:00 a.m.,"1,73","6,755","0,037","0,231"
08/01/2013 12:40:00 p.m.,"1,98","15,175","0,186","1,047"
11/01/2013 12:30:00 p.m.,"3,01","45,202","0,624","3,287"
14/01/2013 12:10:00 p.m.,"2,05","15,952","0,151","3,038"
18/01/2013 12:20:00 p.m.,"2,32","24,832","1,432","7,141"
22/01/2013 11:50:00 a.m.,"2,36","25,922","1,748","6,672"
24/01/2013 12:30:00 p.m.,"2,11","18,626","0,688","3,575"
28/01/2013 12:40:00 p.m.,"1,88","11,451","0,281","1,081"
01/02/2013 02:00:00 p.m.,"1,81","8,491","0,153","0,489"
05/02/2013 02:30:00 p.m.,"1,82","8,606","0,2","0,493"
07/02/2013 02:00:00 p.m.,"1,74","6,272","1,077","3,473"
13/02/2013 02:05:00 p.m.,"1,76","6,633","0,868","1,586"
15/02/2013 01:40:00 p.m.,"1,7","5,405","0,184","0,705"
19/02/2013 11:45:00 a.m.,"2,57","30,253","2,821","10,382"
21/02/2013 01:30:00 p.m.,"2,11","18,519","0,648","1,208"
26/02/2013 12:40:00 p.m.,"2,74","40,28","7,971","27,514"
01/03/2013 12:30:00 p.m.,"2,08","16,912","0,47","4,545"
04/03/2013 12:10:00 p.m.,"1,92","12,172","0,466","2,689"
11/03/2013 12:10:00 p.m.,"2,595","33,34","6,353","40,971"
15/03/2013 12:25:00 p.m.,"2,82","41,012","4,632","33,467"
19/03/2013 12:10:00 p.m.,"2,5","27,545","3,563","4,657"
22/03/2013 12:00:00 p.m.,"2,09","17,029","0,208","0,662"
25/03/2013 12:20:00 p.m.,"2,1","18,334","0,659","1,248"
27/03/2013 12:20:00 p.m.,"2,42","27,508","17,522","9,277"
03/04/2013 12:00:00 p.m.,"2,02","14,943","0,137","0,877"
08/04/2013 12:30:00 p.m.,"1,9","11,874","0,149","0,495"
15/04/2013 12:20:00 p.m.,"2,09","17,673","2,564","0,968"
23/04/2013 12:00:00 p.m.,"1,82","8,663","0,196","0,634"
06/05/2013 12:00:00 p.m.,"1,79","7,237","0,225","0,298"
06/06/2013 12:20:00 p.m.,"1,68","4,85","0,14","0,07"
03/07/2013 12:20:00 p.m.,"1,67","4,894","0,067","0,114"
05/08/2013 03:20:00 p.m.,"1,65","4,036","0,915","0,048"
05/09/2013 12:00:00 p.m.,"1,62","3,483","0,027","0,099"
03/10/2013 12:10:00 p.m.,"1,51","1,418","0,017","0,052"
28/10/2013 12:00:00 p.m.,"1,59","2,57","0,016","0,096"
08/11/2013 11:25:00 a.m.,"1,59","2,563","0,075","0,241"
18/11/2013 11:30:00 a.m.,"1,5","1,295","0,015","0,114"
26/11/2013 11:40:00 a.m.,"1,36","0,413","0,007","0,028"
28/11/2013 11:50:00 a.m.,"1,67","4,54","0,07","0,216"
03/12/2013 12:00:00 p.m.,"1,57","2,166","0,068","0,087"
06/12/2013 11:50:00 a.m.,"1,51","1,448","0,182","0,068"
09/12/2013 12:10:00 p.m.,"1,49","1,162","0,004","0,032"
13/12/2013 12:00:00 p.m.,"1,66","4,055","0,004","0,158"
19/12/2013 02:00:00 p.m.,"2,4","30,031","0,132","1,444"
23/12/2013 12:30:00 p.m.,"1,81","7,678","0,087","0,201"
27/12/2013 02:20:00 p.m.,"1,67","4,266","0,064","0,219"
30/12/2013 11:50:00 a.m.,"1,49","1,207","0,011","0,165"
03/01/2014 11:50:00 a.m.,"1,72","5,37","0,049","0,632"
06/01/2014 12:20:00 p.m.,"1,7","5,443","0,12","0,454"
10/01/2014 12:35:00 p.m.,"1,55","1,927","0,038","0,139"
13/01/2014 12:10:00 p.m.,"2,56","31,999","1,047","7,911"
17/01/2014 12:10:00 p.m.,"1,78","7,831","0,094","0,611"
22/01/2014 12:20:00 p.m.,"1,73","6,014","0,044","0,273"
24/01/2014 12:10:00 p.m.,"1,67","4,518","0,044","0,287"
27/01/2014 12:15:00 p.m.,2,"15,365","0,364","2,326"
03/02/2014 11:40:00 a.m.,"1,79","7,173","0,213","0,385"
06/02/2014 11:35:00 a.m.,"2,155","18,64","1,035","3,551"
10/02/2014 11:30:00 a.m.,"2,76","39,234","3,967","11,026"
14/02/2014 12:10:00 p.m.,"2,22","20,949","0,3","5,832"
17/02/2014 12:30:00 p.m.,"3,25","60,76","0,847","7,99"
20/02/2014 12:30:00 p.m.,"2,53","30,099","0,893","1,975"
25/02/2014 12:25:00 p.m.,3,"49,857","0,574","4,464"
28/02/2014 10:40:00 a.m.,"2,58","30,468","1,557","5,835"
05/03/2014 12:20:00 p.m.,"2,53","28,779","0,863","1,753"
10/03/2014 10:10:00 a.m.,"2,08","14,771",,
10/03/2014 12:10:00 p.m.,"2,08","14,771","0,4","0,464"
11/03/2014 11:50:00 a.m.,"2,15","17,831","0,417","1,987"
17/03/2014 12:10:00 p.m.,"1,85","9,511","0,255","0,638"
18/03/2014 12:05:00 p.m.,"3,6","77,167","2,525","8,601"
26/03/2014 12:10:00 p.m.,"1,94","11,497","0,303","0,885"
28/03/2014 12:10:00 p.m.,"2,2","19,404","0,659","1,138"
31/03/2014 12:10:00 p.m.,"2,14","16,693","1,547","2,002"
08/04/2014 04:20:00 p.m.,"2,53","27,938","1,539","2,909"
16/04/2014 12:20:00 p.m.,"2,17","16,928","0,658","0,912"
21/04/2014 12:00:00 p.m.,"2,04","14,576","0,805",1
24/04/2014 12:20:00 p.m.,"2,29","24,529","1,149","1,71"
05/05/2014 12:10:00 p.m.,"1,93","11,791","0,291","0,426"
03/06/2014 12:15:00 p.m.,"1,83","9,344","0,246","0,465"
10/07/2014 02:30:00 p.m.,"1,78","7,641","0,263","0,266"
04/08/2014 01:30:00 p.m.,"1,74","6,6","0,151","0,402"
09/09/2014 04:00:00 p.m.,"1,7","4,654","0,127","0,202"
03/10/2014 12:50:00 p.m.,"1,68","3,87","0,022","0,065"
21/10/2014 11:40:00 a.m.,"1,81","7,923","0,298","1,982"
05/11/2014 12:10:00 p.m.,"1,8","7,195","0,118","0,539"
14/11/2014 12:40:00 p.m.,"1,83","8,006","0,108","0,682"
25/11/2014 12:20:00 p.m.,"1,85","8,994","0,105","1,83"
28/11/2014 11:35:00 a.m.,"1,85","9,004","2,735","1,843"
02/12/2014 12:00:00 p.m.,"1,79","6,286","0,208","0,534"
05/12/2014 12:30:00 p.m.,"1,69","4,857","0,1","0,237"
09/12/2014 11:10:00 a.m.,"2,02","13,215","0,162","1,631"
12/12/2014 12:30:00 p.m.,"2,08","15,913","0,715","2,012"
15/12/2014 03:00:00 p.m.,"2,93","47,864","5,125","63,489"
19/12/2014 12:40:00 p.m.,"2,5","39,557","1,827","8,447"
22/12/2014 11:50:00 a.m.,"2,58","42,298","3,9","5,802"
29/12/2014 11:55:00 a.m.,"2,15","31,245","1,214","4,861"
02/01/2015 03:05:00 p.m.,"2,8","50,772","2,812","7,988"
05/01/2015 01:00:00 p.m.,"2,02","16,476","0,181","0,944"
09/01/2015 12:30:00 p.m.,"2,17","23,775","0,667","1,683"
12/01/2015 12:30:00 p.m.,"2,85","54,683","3,923","14,114"
14/01/2015 12:00:00 p.m.,"2,13","21,366","0,16","1,511"
21/01/2015 12:30:00 p.m.,"3,61","88,115","98,124","271,85"
27/01/2015 12:40:00 p.m.,"2,37","38,771","2,601","7,845"
29/01/2015 12:35:00 p.m.,"3,38","73,688","8,907","11,514"
03/02/2015 12:30:00 p.m.,"2,98","62,313","6,02","26,63"
05/02/2015 12:05:00 p.m.,"3,61","93,564","102,935","555,933"
09/02/2015 12:40:00 p.m.,"2,43","37,778","3,206","7,312"
13/02/2015 12:30:00 p.m.,"2,32","31,429","2,77","4,831"
16/02/2015 12:45:00 p.m.,"3,1","64,592","37,123","219,523"
20/02/2015 12:50:00 p.m.,"2,71","60,164","7,754","9,324"
23/02/2015 12:30:00 p.m.,"2,46","38,656","20,026","20,153"
26/02/2015 01:10:00 p.m.,"3,145","152,047","69,367","110,924"
03/03/2015 01:00:00 p.m.,"3,08","137,928","4,007","23,046"
06/03/2015 12:40:00 p.m.,"2,91","105,605","21,654","36,954"
09/03/2015 02:10:00 p.m.,"3,76","247,819","255,721","5,324,558"
13/03/2015 01:40:00 p.m.,"2,7","68,654","80,399","175,12"
16/03/2015 01:20:00 p.m.,"2,79","76,896","7,43","10,607"
20/03/2015 01:10:00 p.m.,"2,68","65,992","42,264","145,774"
25/03/2015 12:25:00 p.m.,"3,07","132,153","4,377","43,974"
27/03/2015 12:50:00 p.m.,"2,66","64,86","10,326","20,607"
07/04/2015 12:45:00 p.m.,"2,31","32,365","0,75","7,219"
14/04/2015 01:20:00 p.m.,"2,27","30,858","6,88","11,623"
22/04/2015 01:00:00 p.m.,"2,55","46,751","1,831","8,137"
27/04/2015 04:20:00 p.m.,"2,11","18,223","1,582","2,641"
08/05/2015 12:45:00 p.m.,"2,07","15,508","0,362","1,924"
02/06/2015 12:35:00 p.m.,"2,01","12,312","0,839","0,528"
02/07/2015 02:15:00 p.m.,"1,93","8,078","0,666","0,588"
03/08/2015 02:30:00 p.m.,"1,89","5,966","0,241","0,313"
15/09/2015 06:10:00 p.m.,"1,89","6,014","0,122","0,199"
02/10/2015 01:05:00 p.m.,"1,96","9,064","4,089","4,055"
27/10/2015 01:10:00 p.m.,"1,72","2,642","0,671","0,519"
04/11/2015 01:35:00 p.m.,"2,47","39,012","1,486","2,394"
10/11/2015 01:30:00 p.m.,"3,15","118,003","3,553","7,755"
16/11/2015 01:50:00 p.m.,2,"10,429","0,447","1,413"
23/11/2015 01:55:00 p.m.,"2,13","16,372","0,746","1,516"
02/12/2015 01:40:00 p.m.,"2,13","16,719","0,338","1,479"
04/12/2015 02:30:00 p.m.,"2,06","13,858","0,105","4,16"
07/12/2015 02:35:00 p.m.,"2,43","41,201","27,971","27,913"
09/12/2015 02:30:00 p.m.,"2,31","30,873","1,338","4,236"
14/12/2015 02:15:00 p.m.,"2,19","21,899","2,139","7,591"
21/12/2015 02:10:00 p.m.,"2,18","21,22","13,087","16,065"
23/12/2015 02:20:00 p.m.,"2,06","13,877","8,166","14,05"
28/12/2015 02:25:00 p.m.,"2,29","29,344","25,232","31,98"
04/01/2016 01:05:00 p.m.,"3,05","117,186","156,711","381,17"
07/01/2016 01:10:00 p.m.,"2,9","102,376","256,711","301,451"
11/01/2016 01:05:00 p.m.,"2,62","62,208","38,401","75,161"
14/01/2016 01:10:00 p.m.,"2,88","92,134","44,516","110,391"
18/01/2016 02:10:00 p.m.,"2,35","33,683","5,7","5,962"
21/01/2016 01:15:00 p.m.,"2,29","28,99","1,05","2,1"
25/01/2016 01:45:00 p.m.,"2,19","21,978","0,795","1,987"
27/01/2016 01:25:00 p.m.,"2,1","16,177","1,537","2,1"
02/02/2016 01:05:00 p.m.,"2,46","44,06","5,726","18,501"
05/02/2016 01:15:00 p.m.,"2,34","33,104","8,234","25,278"
10/02/2016 02:45:00 p.m.,"2,79","79,997","9,792","67,151"
16/02/2016 02:30:00 p.m.,"2,58","56,215","6,453","21,305"
19/02/2016 03:00:00 p.m.,"2,49","47,225","4,132","19,506"
22/02/2016 04:00:00 p.m.,"2,6","58,621","8,879","25,772"
26/02/2016 02:50:00 p.m.,"3,235","145,314","10,336","93,451"
28/02/2016 02:40:00 p.m.,"2,88","90,15","8,276","63,515"
02/03/2016 12:30:00 p.m.,"3,37","166,485","6,265","35,171"
08/03/2016 01:15:00 p.m.,"3,1","115,584","16,004","31,043"
14/03/2016 12:40:00 p.m.,"2,41","41,167","0,229","1,495"
18/03/2016 12:40:00 p.m.,"2,19","19,976","3,63","3,647"
21/03/2016 02:20:00 p.m.,"2,46","44,277","38,238","110,244"
24/03/2016 01:30:00 p.m.,"2,36","31,986","7,688","5,803"
28/03/2016 01:30:00 p.m.,"2,27","26,3","6,568","8,929"
30/03/2016 02:35:00 p.m.,"2,19","20,235","3,562","2,54"
04/04/2016 03:00:00 p.m.,"2,65","66,146","5,85","103,117"
14/04/2016 03:40:00 p.m.,"2,56","55,576","0,793","0,637"
21/04/2016 04:00:00 p.m.,"2,18","20,224","0,215","0,131"
27/04/2016 03:50:00 p.m.,"2,33","30,753","1,23","2,902"
03/05/2016 12:50:00 p.m.,"2,07","13,998","1,85","1,215"
14/06/2016 03:05:00 p.m.,"2,12","16,469","1,858","1,823"
05/07/2016 12:20:00 p.m.,"2,09","16,254","2,455","1,29"
09/08/2016 05:10:00 p.m.,"1,91","6,578","0,288","1,846"
27/09/2016 03:00:00 p.m.,"1,83","3,331","0,087","0,057"
04/10/2016 02:30:00 p.m.,"1,81","3,022","0,027","0,049"
24/10/2016 06:15:00 p.m.,"1,84","3,548","2,302","2,646"
03/11/2016 02:10:00 p.m.,"1,8","2,869","0,074","2,422"
07/11/2016 06:20:00 p.m.,"1,8","2,826","1,496","8,014"
14/11/2016 12:30:00 p.m.,"1,93","7,069","0,961","9,072"
24/11/2016 11:50:00 a.m.,"2,43","39,879","14,32","48,657"
01/12/2016 02:35:00 p.m.,"2,68","57,631","5,052","12,174"
03/12/2016 02:20:00 p.m.,"2,4","35,883","2,708","11,643"
06/12/2016 12:15:00 p.m.,"2,1","15,399","1,318","5,437"
08/12/2016 03:30:00 p.m.,"2,43","37,014","3,272","0,381"
12/12/2016 02:20:00 p.m.,"2,26","26,005","0,591","7,777"
16/12/2016 06:00:00 p.m.,"1,89","6,16","0,461","1,948"
23/12/2016 03:15:00 p.m.,"2,14","17,488","0,082","4,486"
28/12/2016 12:20:00 p.m.,"2,77","62,286","8,145","22,806"
02/01/2017 12:45:00 p.m.,"2,09","16,631","0,307","4,127"
05/01/2017 12:20:00 p.m.,"2,7","56,75","5,608","23,564"
13/01/2017 11:50:00 a.m.,"2,66","53,406","5,046","18,284"
16/01/2017 11:20:00 a.m.,"3,6","128,874","12,701","45,793"
20/01/2017 01:40:00 p.m.,"2,46","39,672","0,779","6,829"
23/01/2017 12:10:00 p.m.,"3,04","85,746","9,282","32,502"
25/01/2017 12:05:00 p.m.,"2,8","64,056","5,101","23,549"
27/01/2017 11:15:00 a.m.,"2,61","49,559","3,336","12,898"
01/02/2017 12:50:00 p.m.,"2,1","18,48","0,352","0,135"
03/02/2017 12:45:00 p.m.,"1,97","12,865","0,124","0,475"
06/02/2017 12:30:00 p.m.,"2,03","15,312","0,173","0,667"
11/02/2017 01:10:00 p.m.,"3,73","155,556","3,4","20,628"
13/02/2017 01:00:00 p.m.,"2,74","58,521","1,692","8,048"
18/02/2017 01:10:00 p.m.,"2,41","35,415","3,126","10,568"
23/02/2017 11:10:00 a.m.,"2,34","31,04","0,319","1,229"
26/02/2017 12:25:00 p.m.,"3,05","84,345","2,434","5,951"
02/03/2017 01:05:00 p.m.,"2,51","42,242","6,052","30,603"
06/03/2017 10:50:00 a.m.,"2,72","56,586","8,755","151,566"
13/03/2017 12:50:00 p.m.,"2,69","55,85","4,043","65,754"
18/03/2017 12:40:00 p.m.,"2,41","35,885","2,704","46,26"
21/03/2017 12:30:00 p.m.,"2,32","29,898","4,082","39,024"
23/03/2017 11:35:00 a.m.,"2,19","21,276","2,019","23,212"
25/03/2017 11:50:00 a.m.,"2,09","17,054","3,138","16,306"
27/03/2017 11:35:00 a.m.,"2,9","69,226","23,621","77,859"
04/04/2017 12:15:00 p.m.,"3,99","199,719","11,985","11,219"
07/04/2017 12:35:00 p.m.,"2,8","62,932","48,529","331,08"
11/04/2017 12:20:00 p.m.,"2,48","39,189","44,183","116,329"
17/04/2017 12:05:00 p.m.,"1,99","11,914","1,496","5,932"
03/05/2017 03:35:00 p.m.,"2,08","17,751","0,277","0,077"
06/06/2017 11:05:00 a.m.,"2,04","16,532","1,256","1,401"
07/07/2017 12:25:00 p.m.,"1,97","13,641","0,958","0,935"
08/08/2017 12:20:00 p.m.,"1,81","8,556","0,158","0,122"
18/09/2017 12:20:00 p.m.,"1,79","7,624","0,038","0,065"
09/10/2017 02:35:00 p.m.,"1,87","9,924","0,29","1,027"
16/10/2017 01:15:00 p.m.,"1,78","7,527","0,413",0
06/11/2017 11:50:00 a.m.,"2,05","15,542","0,206","1,205"
13/11/2017 12:00:00 p.m.,"1,86","8,931","1,379","1,393"
16/11/2017 11:45:00 a.m.,"1,78","7,973","0,091","1,223"
20/11/2017 11:40:00 a.m.,"1,69","5,28","0,108","0,798"
01/12/2017 11:35:00 a.m.,"1,59","3,666","2,056","1,561"
04/12/2017 12:00:00 p.m.,"2,6","47,159","16,905","18,951"
11/12/2017 11:45:00 a.m.,"1,94","13,134","0,311","1,535"
12/12/2017 01:30:00 p.m.,"1,89","11,94","0,149","0,578"
15/12/2017 11:45:00 a.m.,"1,83","9,294","0,849","1,605"
18/12/2017 12:30:00 p.m.,"1,76","7,468","0,736","0,777"
26/12/2017 11:30:00 a.m.,"2,16","22,027","0,954","1,858"
29/12/2017 01:05:00 p.m.,"1,92","13,273","0,327","1,018"
02/01/2018 11:30:00 a.m.,"2,15","21,723","11,955","7,361"
05/01/2018 12:30:00 p.m.,"1,98","14,099","4,117","0,245"
08/01/2018 11:55:00 a.m.,"2,09","18,876","5,34","5,505"
12/01/2018 01:25:00 p.m.,"2,22","24,22","2,643","8,797"
16/01/2018 12:15:00 p.m.,"2,22","24,494","8,461","24,207"
18/01/2018 12:25:00 p.m.,"2,02","15,682","9,606","4,602"
22/01/2018 11:35:00 a.m.,"1,88","11,048","3,018","0,331"
26/01/2018 01:15:00 p.m.,"2,8","61,039","16,123","1,648"
01/02/2018 11:40:00 a.m.,"3,21","90,583","0,659","1,648"
05/02/2018 11:35:00 a.m.,"2,53","43,03","0,184","0,969"
09/02/2018 11:25:00 a.m.,"2,17","23,106","0,103","0,466"
12/02/2018 11:15:00 a.m.,"2,94","69,729","3,47","5,749"
14/02/2018 12:40:00 p.m.,"2,35","31,617","0,222","0,68"
19/02/2018 11:35:00 a.m.,"2,63","48,06","0,052","0,456"
23/02/2018 12:35:00 p.m.,"2,36","32,625","0,802","1,772"
26/02/2018 02:30:00 p.m.,"2,76","58,894","4,196","5,53"
02/03/2018 12:50:00 p.m.,"2,59","43,992","3,229","21,369"
06/03/2018 11:35:00 a.m.,"2,81","59,679","2,315","25,851"
09/03/2018 02:30:00 p.m.,"2,41","32,884","1,364","16,157"
16/03/2018 02:15:00 p.m.,"2,08","17,107","1,131","8,422"
20/03/2018 02:15:00 p.m.,"2,08","20,239","3,227","8,748"
23/03/2018 11:40:00 a.m.,"2,04","17,292","3,109","9,422"
26/03/2018 11:20:00 a.m.,"2,01","15,322","6,356","12,646"
29/03/2018 11:30:00 a.m.,"2,01","16,245","8,433","13,964"
02/04/2018 11:55:00 a.m.,"2,41","35,043","2,708","120,293"
16/04/2018 01:15:00 p.m.,"2,09","17,738","0,703","71,115"
24/04/2018 12:55:00 p.m.,"1,97","14,936","0,929","50,665"
30/04/2018 12:50:00 p.m.,"2,03","16,157","1,184","58,639"
07/05/2018 11:50:00 a.m.,"3,38","115,306","2,295","361,612"
05/06/2018 12:50:00 p.m.,"2,06","17,646","0,876","0,79"
05/07/2018 12:15:00 p.m.,2,"16,558","2,513","0,94"
25/08/2018 10:50:00 a.m.,"1,81","9,95","0,219","0,143"
07/09/2018 01:45:00 p.m.,"1,77","7,986","0,021","0,077"
04/10/2018 02:20:00 p.m.,"1,75","7,849","0,47","1,617"
15/10/2018 12:25:00 p.m.,"1,57","4,919","0,333","1,714"
02/11/2018 12:20:00 p.m.,"2,2","23,517","0,159","0,227"
16/11/2018 11:20:00 a.m.,"2,03","16,073","0,036","0,038"
19/11/2018 12:15:00 p.m.,"2,66","48,627","0,406","0,188"
26/11/2018 02:30:00 p.m.,"2,13","20,229","3,097","6,768"
03/12/2018 11:55:00 a.m.,"2,74","51,931","11,118","18,515"
07/12/2018 12:00:00 p.m.,"2,62","48,719","11,023","10,915"
10/12/2018 11:50:00 a.m.,"2,32","30,77","7,217","7,866"
14/12/2018 11:40:00 a.m.,"1,97","15,576","2,613","3,937"
17/12/2018 11:45:00 a.m.,"2,3","26,906","3,431","5,208"
21/12/2018 11:45:00 a.m.,"3,375","101,488","5,248","13,51"
26/12/2018 11:50:00 a.m.,"2,28","26,137","1,229","4,331"
28/12/2018 12:15:00 p.m.,"2,16","21,787","0,713","3,124"
03/01/2019 12:00:00 p.m.,"2,39","30,553","0,898","3,201"
07/01/2019 12:30:00 p.m.,"2,53","37,936","1,224","1,763"
10/01/2019 11:35:00 a.m.,"2,54","40,177","1,266","2,009"
14/01/2019 12:30:00 p.m.,"2,45","35,051","1,067","3,325"
18/01/2019 12:10:00 p.m.,"2,84","59,238","0,925","5,029"
21/01/2019 12:35:00 p.m.,"2,46","36,737","1,213","2,655"
29/01/2019 12:20:00 p.m.,"2,07","19,392","0,947","1,665"
31/01/2019 12:35:00 p.m.,"2,49","38,614","0,533","3,299"
01/02/2019 11:35:00 a.m.,"2,76","52,613","2,72","3,152"
05/02/2019 11:55:00 a.m.,"2,65","46,315","4,275","4,149"
11/02/2019 09:00:00 a.m.,"2,2","23,222","2,48","2,55"
15/02/2019 11:40:00 a.m.,"2,52","39,879","7,438","6,745"
19/02/2019 11:35:00 a.m.,"2,13","21,929","3,306","2,892"
22/02/2019 11:40:00 a.m.,"2,18","23,282","5,664","1,209"
25/02/2019 11:30:00 a.m.,"2,05","18,504","1,915","3,414"
28/02/2019 11:45:00 a.m.,"2,38","31,203","3,469","5,048"
01/03/2019 11:40:00 a.m.,"2,24","26,173","0,72","1,389"
05/03/2019 11:40:00 a.m.,"2,3","28,532","0,472","1,31"
08/03/2019 11:35:00 a.m.,"2,12","21,541","0,26","0,528"
11/03/2019 11:35:00 a.m.,"2,8","56,324","6,414","3,317"
13/03/2019 12:05:00 p.m.,"2,44","35,342","0,288","0,849"
16/03/2019 11:30:00 a.m.,"3,1","79,447","5,411","4,671"
18/03/2019 11:45:00 a.m.,"2,96","65,936","1,126","2,766"
25/03/2019 11:35:00 a.m.,"2,59","43,308","0,333","2,084"
01/04/2019 01:00:00 p.m.,"2,39","33,187","0,106","1,006"
10/04/2019 01:30:00 p.m.,"2,3","27,283","0,468","0,645"
18/04/2019 01:30:00 p.m.,"2,1","19,959","0,43","0,607"
30/04/2019 12:30:00 p.m.,"2,25","24,751","0,191","0,458"
16/05/2019 04:05:00 p.m.,"2,15","19,384","0,061","0,049"
18/06/2019 02:20:00 p.m.,2,"15,454","0,037","1,387"
03/07/2019 01:40:00 p.m.,"1,91","12,833","0,322","1,077"
14/08/2019 02:55:00 p.m.,"1,83","10,441","0,015","0,108"
20/09/2019 01:25:00 p.m.,"1,81","9,416","0,029","0,132"
10/10/2019 02:35:00 p.m.,"1,75","8,506","0,038","0,428"
30/10/2019 12:35:00 p.m.,"1,66","6,998","0,01","0,143"
01/11/2019 02:35:00 p.m.,"1,62","5,994","0,012","0,151"
04/11/2019 01:05:00 p.m.,"2,4","32,873","0,065","0,831"
08/11/2019 02:45:00 p.m.,"2,27","26,036","0,035","0,521"
15/11/2019 08:30:00 a.m.,"2,08","19,017","0,032","0,378"
02/12/2019 11:15:00 a.m.,"3,1","74,593",,
05/12/2019 11:35:00 a.m.,"2,66","40,23",,
10/12/2019 11:30:00 a.m.,"2,24","23,149",,
13/12/2019 10:45:00 a.m.,"1,98","14,431",,
16/12/2019 01:05:00 p.m.,"2,3","26,504",,
18/12/2019 11:20:00 a.m.,"2,04","15,695",,
24/12/2019 10:50:00 a.m.,"2,02","15,235",,
31/12/2019 10:40:00 a.m.,"1,97","13,703",,
02/01/2020 11:20:00 a.m.,"3,25","81,681",,
03/01/2020 11:30:00 a.m.,"2,5","36,011",,
06/01/2020 11:25:00 a.m.,"2,14","22,811",,
08/01/2020 11:15:00 a.m.,"2,04","15,715",,
14/01/2020 11:35:00 a.m.,"2,41","28,321",,
17/01/2020 12:35:00 p.m.,"2,6","42,253",,
29/01/2020 11:20:00 a.m.,"2,57","40,11",,
31/01/2020 11:30:00 a.m.,"2,48","36,504",,
 ,,,,
 ,,,,
 ,,,,
 ,,,,
 ,,,,
 ,,,,
 ,,,,
 ,,,,
 ,,,,
 ,,,,
 ,,,,
 ,,,,
 ,,,,
 ,,,,
 ,,,,
 ,,,,
 ,,,,
 ,,,,
 ,,,,
 ,,,,
 ,,,,
 ,,,,
 ,,,,
 ,,,,
 ,,,,
 ,,,,
 ,,,,
 ,,,,
 ,,,,
 ,,,,
 ,,,,
 ,,,,
 ,,,,
 ,,,,
 ,,,,
 ,,,,
 ,,,,
 ,,,,
 ,,,,
 ,,,,
 ,,,,
 ,,,,
 ,,,,
 ,,,,
 ,,,,
 ,,,,
 ,,,,
 ,,,,
 ,,,,
 ,,,,
 ,,,,
 ,,,,
 ,,,,
 ,,,,
 ,,,,
 ,,,,
 ,,,,
 ,,,,
 ,,,,
 ,,,,
 ,,,,
 ,,,,
 ,,,,
 ,,,,
 ,,,,
 ,,,,
 ,,,,
 ,,,,
 ,,,,
 ,,,,
 ,,,,
 ,,,,
 ,,,,
 ,,,,
 ,,,,
 ,,,,
 ,,,,
 ,,,,
 ,,,,
 ,,,,
 ,,,,
 ,,,,
 ,,,,
 ,,,,
 ,,,,
 ,,,,
 ,,,,
 ,,,,
 ,,,,
 ,,,,
 ,,,,
 ,,,,
 ,,,,
 ,,,,
 ,,,,
 ,,,,
 ,,,,
 ,,,,
 ,,,,
 ,,,,
 ,,,,
 ,,,,
 ,,,,
 ,,,,
 ,,,,
 ,,,,
 ,,,,
 ,,,,
 ,,,,
 ,,,,
 ,,,,
 ,,,,
 ,,,,
 ,,,,
 ,,,,
 ,,,,
 ,,,,
 ,,,,
 ,,,,
 ,,,,
 ,,,,
 ,,,,
 ,,,,
 ,,,,
 ,,,,
 ,,,,
 ,,,,
 ,,,,
 ,,,,
 ,,,,
 ,,,,
 ,,,,
 ,,,,
 ,,,,
 ,,,,
 ,,,,
 ,,,,
 ,,,,
 ,,,,
 ,,,,
 ,,,,
 ,,,,
 ,,,,
 ,,,,
 ,,,,
 ,,,,
 ,,,,
 ,,,,
 ,,,,
 ,,,,
 ,,,,
 ,,,,
 ,,,,
 ,,,,
 ,,,,
 ,,,,
 ,,,,
 ,,,,
 ,,,,
 ,,,,
 ,,,,
 ,,,,
 ,,,,
 ,,,,
 ,,,,
 ,,,,
 ,,,,
 ,,,,
 ,,,,
 ,,,,
 ,,,,
 ,,,,
 ,,,,
 ,,,,
 ,,,,
 ,,,,
 ,,,,
 ,,,,
 ,,,,
 ,,,,
 ,,,,
 ,,,,
 ,,,,
 ,,,,
 ,,,,
 ,,,,
 ,,,,
 ,,,,
 ,,,,
 ,,,,
 ,,,,
 ,,,,
 ,,,,
 ,,,,
 ,,,,
 ,,,,
 ,,,,
 ,,,,
 ,,,,
 ,,,,
 ,,,,
 ,,,,
 ,,,,
 ,,,,
 ,,,,
 ,,,,
 ,,,,
 ,,,,
 ,,,,
 ,,,,
 ,,,,
 ,,,,
 ,,,,
 ,,,,
 ,,,,
 ,,,,
 ,,,,
 ,,,,
 ,,,,
 ,,,,
 ,,,,
 ,,,,
 ,,,,
 ,,,,
 ,,,,
 ,,,,
 ,,,,
 ,,,,
 ,,,,
 ,,,,
 ,,,,
 ,,,,
 ,,,,
 ,,,,
 ,,,,
 ,,,,
 ,,,,
 ,,,,
 ,,,,
 ,,,,
 ,,,,
 ,,,,
 ,,,,
 ,,,,
 ,,,,
 ,,,,
 ,,,,
 ,,,,
 ,,,,
 ,,,,
 ,,,,
 ,,,,
 ,,,,
 ,,,,
 ,,,,
 ,,,,
 ,,,,
 ,,,,
 ,,,,
 ,,,,
 ,,,,
 ,,,,
 ,,,,
 ,,,,
 ,,,,
 ,,,,
 ,,,,
 ,,,,
 ,,,,
 ,,,,
 ,,,,
 ,,,,
 ,,,,
 ,,,,
 ,,,,
 ,,,,
 ,,,,
 ,,,,
 ,,,,
 ,,,,
 ,,,,
 ,,,,
 ,,,,
 ,,,,
 ,,,,
 ,,,,
 ,,,,
 ,,,,
 ,,,,
 ,,,,
 ,,,,
 ,,,,
 ,,,,
 ,,,,
 ,,,,
 ,,,,
 ,,,,
 ,,,,
 ,,,,
 ,,,,
 ,,,,
 ,,,,
 ,,,,
 ,,,,
 ,,,,
 ,,,,
 ,,,,
 ,,,,
 ,,,,
 ,,,,
 ,,,,
 ,,,,
 ,,,,
 ,,,,
 ,,,,
 ,,,,
 ,,,,
 ,,,,
 ,,,,
 ,,,,
 ,,,,
 ,,,,
 ,,,,
 ,,,,
 ,,,,
 ,,,,
 ,,,,
 ,,,,
 ,,,,
 ,,,,
 ,,,,
 ,,,,
 ,,,,
 ,,,,
 ,,,,
 ,,,,
 ,,,,
 ,,,,
 ,,,,
 ,,,,
 ,,,,
 ,,,,
 ,,,,
 ,,,,
 ,,,,
 ,,,,
 ,,,,
 ,,,,
 ,,,,
 ,,,,
 ,,,,
 ,,,,
 ,,,,
 ,,,,
 ,,,,
 ,,,,
 ,,,,
 ,,,,
 ,,,,
 ,,,,
 ,,,,
 ,,,,
 ,,,,
 ,,,,
 ,,,,
 ,,,,
 ,,,,
 ,,,,
 ,,,,
 ,,,,
 ,,,,
 ,,,,
 ,,,,
 ,,,,
 ,,,,
 ,,,,
 ,,,,
 ,,,,
 ,,,,
 ,,,,
 ,,,,
 ,,,,
 ,,,,
 ,,,,
 ,,,,
 ,,,,
 ,,,,
 ,,,,
 ,,,,
 ,,,,
 ,,,,
 ,,,,
 ,,,,
 ,,,,
 ,,,,
 ,,,,
 ,,,,
 ,,,,
 ,,,,
 ,,,,
 ,,,,
 ,,,,
 ,,,,
 ,,,,
 ,,,,
 ,,,,
 ,,,,
 ,,,,
 ,,,,
 ,,,,
 ,,,,
 ,,,,
 ,,,,
 ,,,,
 ,,,,
 ,,,,
 ,,,,
 ,,,,
 ,,,,
 ,,,,
 ,,,,
 ,,,,
 ,,,,
 ,,,,
 ,,,,
 ,,,,
 ,,,,
 ,,,,
 ,,,,
 ,,,,
 ,,,,
 ,,,,
 ,,,,
 ,,,,
 ,,,,
 ,,,,
 ,,,,
 ,,,,
 ,,,,
 ,,,,
 ,,,,
 ,,,,
 ,,,,
 ,,,,
 ,,,,
 ,,,,
 ,,,,
 ,,,,
 ,,,,
 ,,,,
 ,,,,
 ,,,,
 ,,,,
 ,,,,
 ,,,,
 ,,,,
 ,,,,
 ,,,,
 ,,,,
 ,,,,
 ,,,,
 ,,,,
 ,,,,
 ,,,,
 ,,,,
 ,,,,
 ,,,,
 ,,,,
 ,,,,
 ,,,,
 ,,,,
 ,,,,
 ,,,,
 ,,,,
 ,,,,
 ,,,,
 ,,,,
 ,,,,
 ,,,,
 ,,,,
 ,,,,
 ,,,,
 ,,,,
 ,,,,
 ,,,,
 ,,,,
 ,,,,
 ,,,,
 ,,,,
 ,,,,
 ,,,,
 ,,,,
 ,,,,
 ,,,,
 ,,,,
 ,,,,
 ,,,,
 ,,,,
 ,,,,
 ,,,,
 ,,,,
 ,,,,
 ,,,,
 ,,,,
 ,,,,
 ,,,,
 ,,,,
 ,,,,
 ,,,,
 ,,,,
 ,,,,
 ,,,,
 ,,,,
 ,,,,
 ,,,,
 ,,,,
 ,,,,
 ,,,,
 ,,,,
 ,,,,
 ,,,,
 ,,,,
 ,,,,
 ,,,,
 ,,,,
 ,,,,
 ,,,,
 ,,,,
 ,,,,
 ,,,,
 ,,,,
 ,,,,
 ,,,,
 ,,,,
 ,,,,
 ,,,,
 ,,,,
 ,,,,
 ,,,,
 ,,,,
 ,,,,
 ,,,,
 ,,,,
 ,,,,
 ,,,,
 ,,,,
 ,,,,
 ,,,,
 ,,,,
 ,,,,
 ,,,,
 ,,,,
 ,,,,
 ,,,,
 ,,,,
 ,,,,
 ,,,,
 ,,,,
 ,,,,
 ,,,,
 ,,,,
 ,,,,
 ,,,,
 ,,,,
 ,,,,
 ,,,,
 ,,,,
 ,,,,
 ,,,,
 ,,,,
 ,,,,
 ,,,,
 ,,,,
 ,,,,
 ,,,,
 ,,,,
 ,,,,
 ,,,,
 ,,,,
 ,,,,
 ,,,,
 ,,,,
 ,,,,
 ,,,,
 ,,,,
 ,,,,
 ,,,,
 ,,,,
 ,,,,
 ,,,,
 ,,,,
 ,,,,
 ,,,,
 ,,,,
 ,,,,
 ,,,,
 ,,,,
 ,,,,
 ,,,,
 ,,,,
 ,,,,
 ,,,,
 ,,,,
 ,,,,
 ,,,,
 ,,,,
 ,,,,
 ,,,,
 ,,,,
 ,,,,
 ,,,,
 ,,,,
 ,,,,
 ,,,,
 ,,,,
 ,,,,
 ,,,,
 ,,,,
 ,,,,
 ,,,,
 ,,,,
 ,,,,
 ,,,,
 ,,,,
 ,,,,
 ,,,,
 ,,,,
 ,,,,
 ,,,,
 ,,,,
 ,,,,
 ,,,,
 ,,,,
 ,,,,
 ,,,,
 ,,,,
 ,,,,
 ,,,,
 ,,,,
 ,,,,
 ,,,,
 ,,,,
 ,,,,
 ,,,,
 ,,,,
 ,,,,
 ,,,,
 ,,,,
 ,,,,
 ,,,,
 ,,,,
 ,,,,
 ,,,,
 ,,,,
 ,,,,
 ,,,,
 ,,,,
 ,,,,
 ,,,,
 ,,,,
 ,,,,
 ,,,,
 ,,,,
 ,,,,
 ,,,,
 ,,,,
 ,,,,
 ,,,,
 ,,,,
 ,,,,
 ,,,,
 ,,,,
 ,,,,
 ,,,,
 ,,,,
 ,,,,
 ,,,,
 ,,,,
 ,,,,
 ,,,,
 ,,,,
 ,,,,
 ,,,,
 ,,,,
 ,,,,
 ,,,,
 ,,,,
 ,,,,
 ,,,,
 ,,,,
 ,,,,
 ,,,,
 ,,,,
 ,,,,
 ,,,,
 ,,,,
 ,,,,
 ,,,,
 ,,,,
 ,,,,
 ,,,,
 ,,,,
 ,,,,
 ,,,,
 ,,,,
 ,,,,
 ,,,,
 ,,,,
 ,,,,
 ,,,,
 ,,,,
 ,,,,
 ,,,,
 ,,,,
 ,,,,
 ,,,,
 ,,,,
 ,,,,
 ,,,,
 ,,,,
 ,,,,
 ,,,,
 ,,,,
 ,,,,
 ,,,,
 ,,,,
 ,,,,
 ,,,,
 ,,,,
 ,,,,
 ,,,,
 ,,,,
 ,,,,
 ,,,,
 ,,,,
 ,,,,
 ,,,,
 ,,,,
 ,,,,
 ,,,,
 ,,,,
 ,,,,
 ,,,,
 ,,,,
 ,,,,
 ,,,,
 ,,,,
 ,,,,
 ,,,,
 ,,,,
 ,,,,
 ,,,,
 ,,,,
 ,,,,
 ,,,,
 ,,,,
 ,,,,
 ,,,,
 ,,,,
 ,,,,
 ,,,,
 ,,,,
 ,,,,
 ,,,,
 ,,,,
 ,,,,
 ,,,,
 ,,,,
 ,,,,
 ,,,,
 ,,,,
 ,,,,
 ,,,,
 ,,,,
 ,,,,
 ,,,,
 ,,,,
 ,,,,
 ,,,,
 ,,,,
 ,,,,
 ,,,,
 ,,,,
 ,,,,
 ,,,,
 ,,,,
 ,,,,
 ,,,,
 ,,,,
 ,,,,
 ,,,,
 ,,,,
 ,,,,
 ,,,,
 ,,,,
 ,,,,
 ,,,,
 ,,,,
 ,,,,
 ,,,,
 ,,,,
 ,,,,
 ,,,,
 ,,,,
 ,,,,
 ,,,,
 ,,,,
 ,,,,
 ,,,,
 ,,,,
 ,,,,
 ,,,,
 ,,,,
 ,,,,
 ,,,,
 ,,,,
 ,,,,
 ,,,,
 ,,,,
 ,,,,
 ,,,,
 ,,,,
 ,,,,
 ,,,,
 ,,,,
 ,,,,
 ,,,,
 ,,,,
 ,,,,
 ,,,,
 ,,,,
 ,,,,
 ,,,,
 ,,,,
 ,,,,
 ,,,,
 ,,,,
 ,,,,
 ,,,,
 ,,,,
 ,,,,
 ,,,,
 ,,,,
 ,,,,
 ,,,,
 ,,,,
 ,,,,
 ,,,,
 ,,,,
 ,,,,
 ,,,,
 ,,,,
 ,,,,
 ,,,,
 ,,,,
 ,,,,
 ,,,,
 ,,,,
 ,,,,
 ,,,,
 ,,,,
 ,,,,
 ,,,,
 ,,,,
 ,,,,
 ,,,,
 ,,,,
 ,,,,
 ,,,,
 ,,,,
 ,,,,
 ,,,,
 ,,,,
 ,,,,
 ,,,,
 ,,,,
 ,,,,
 ,,,,
 ,,,,
 ,,,,
 ,,,,
 ,,,,
 ,,,,
 ,,,,
 ,,,,
 ,,,,
 ,,,,
 ,,,,
 ,,,,
 ,,,,
 ,,,,
 ,,,,
 ,,,,
 ,,,,
 ,,,,
 ,,,,
 ,,,,
 ,,,,
 ,,,,
 ,,,,
 ,,,,
 ,,,,
 ,,,,
 ,,,,
 ,,,,
 ,,,,
 ,,,,
 ,,,,
 ,,,,
 ,,,,
 ,,,,
 ,,,,
 ,,,,
 ,,,,
 ,,,,
 ,,,,
 ,,,,
 ,,,,
 ,,,,
 ,,,,
 ,,,,
 ,,,,
 ,,,,
 ,,,,
 ,,,,
 ,,,,
 ,,,,
 ,,,,
 ,,,,
 ,,,,
 ,,,,
 ,,,,
 ,,,,
 ,,,,
 ,,,,
 ,,,,
 ,,,,
 ,,,,
 ,,,,
 ,,,,
 ,,,,
 ,,,,
 ,,,,
 ,,,,
 ,,,,
 ,,,,
 ,,,,
 ,,,,
 ,,,,
 ,,,,
 ,,,,
 ,,,,
 ,,,,
 ,,,,
 ,,,,
 ,,,,
 ,,,,
 ,,,,
 ,,,,
 ,,,,
 ,,,,
 ,,,,
 ,,,,
 ,,,,
 ,,,,
 ,,,,
 ,,,,
 ,,,,
 ,,,,
 ,,,,
 ,,,,
 ,,,,
 ,,,,
 ,,,,
 ,,,,
 ,,,,
 ,,,,
 ,,,,
 ,,,,
 ,,,,
 ,,,,
 ,,,,
 ,,,,
 ,,,,
 ,,,,
 ,,,,
 ,,,,
 ,,,,
 ,,,,
 ,,,,
 ,,,,
 ,,,,
 ,,,,
 ,,,,
 ,,,,
 ,,,,
 ,,,,
 ,,,,
 ,,,,
 ,,,,
 ,,,,
 ,,,,
 ,,,,
 ,,,,
 ,,,,
 ,,,,
 ,,,,
 ,,,,
 ,,,,
 ,,,,
 ,,,,
 ,,,,
 ,,,,
 ,,,,
 ,,,,
 ,,,,
 ,,,,
 ,,,,
 ,,,,
 ,,,,
 ,,,,
 ,,,,
 ,,,,
 ,,,,
 ,,,,
 ,,,,
 ,,,,
 ,,,,
 ,,,,
 ,,,,
 ,,,,
 ,,,,
 ,,,,
 ,,,,
 ,,,,
 ,,,,
 ,,,,
 ,,,,
 ,,,,
 ,,,,
 ,,,,
 ,,,,
 ,,,,
 ,,,,
 ,,,,
 ,,,,
 ,,,,
 ,,,,
 ,,,,
 ,,,,
 ,,,,
 ,,,,
 ,,,,
 ,,,,
 ,,,,
 ,,,,
 ,,,,
 ,,,,
 ,,,,
 ,,,,
 ,,,,
 ,,,,
 ,,,,
 ,,,,
 ,,,,
 ,,,,
 ,,,,
 ,,,,
 ,,,,
 ,,,,
 ,,,,
 ,,,,
 ,,,,
 ,,,,
 ,,,,
 ,,,,
 ,,,,
 ,,,,
 ,,,,
 ,,,,
 ,,,,
 ,,,,
 ,,,,
 ,,,,
 ,,,,
 ,,,,
 ,,,,
 ,,,,
 ,,,,
 ,,,,
 ,,,,
 ,,,,
 ,,,,
 ,,,,
 ,,,,
 ,,,,
 ,,,,
 ,,,,
 ,,,,
 ,,,,
 ,,,,
 ,,,,
 ,,,,
 ,,,,
 ,,,,
 ,,,,
 ,,,,
 ,,,,
 ,,,,
 ,,,,
 ,,,,
 ,,,,
 ,,,,
 ,,,,
 ,,,,
 ,,,,
 ,,,,
 ,,,,
 ,,,,
 ,,,,
 ,,,,
 ,,,,
 ,,,,
 ,,,,
 ,,,,
 ,,,,
 ,,,,
 ,,,,
 ,,,,
 ,,,,
 ,,,,
 ,,,,
 ,,,,
 ,,,,
 ,,,,
 ,,,,
 ,,,,
 ,,,,
 ,,,,
 ,,,,
 ,,,,
 ,,,,
 ,,,,
 ,,,,
 ,,,,
 ,,,,
 ,,,,
 ,,,,
 ,,,,
 ,,,,
 ,,,,
 ,,,,
 ,,,,
 ,,,,
 ,,,,
 ,,,,
 ,,,,
 ,,,,
 ,,,,
 ,,,,
 ,,,,
 ,,,,
 ,,,,
 ,,,,
 ,,,,
 ,,,,
 ,,,,
 ,,,,
 ,,,,
 ,,,,
 ,,,,
 ,,,,
 ,,,,
 ,,,,
 ,,,,
 ,,,,
 ,,,,
 ,,,,
 ,,,,
 ,,,,
 ,,,,
 ,,,,
 ,,,,
 ,,,,
 ,,,,
 ,,,,
 ,,,,
 ,,,,
 ,,,,
 ,,,,
 ,,,,
 ,,,,
 ,,,,
 ,,,,
 ,,,,
 ,,,,
 ,,,,
 ,,,,
 ,,,,
 ,,,,
 ,,,,
 ,,,,
 ,,,,
 ,,,,
 ,,,,
 ,,,,
 ,,,,
 ,,,,
 ,,,,
 ,,,,
 ,,,,
 ,,,,
 ,,,,
 ,,,,
 ,,,,
 ,,,,
 ,,,,
 ,,,,
 ,,,,
 ,,,,
 ,,,,
 ,,,,
 ,,,,
 ,,,,
 ,,,,
 ,,,,
 ,,,,
 ,,,,
 ,,,,
 ,,,,
 ,,,,
 ,,,,
 ,,,,
 ,,,,
 ,,,,
 ,,,,
 ,,,,
 ,,,,
 ,,,,
 ,,,,
 ,,,,
 ,,,,
 ,,,,
 ,,,,
 ,,,,
 ,,,,
 ,,,,
 ,,,,
 ,,,,
 ,,,,
 ,,,,
 ,,,,
 ,,,,
 ,,,,
 ,,,,
 ,,,,
 ,,,,
 ,,,,
 ,,,,
 ,,,,
 ,,,,
 ,,,,
 ,,,,
 ,,,,
 ,,,,
 ,,,,
 ,,,,
 ,,,,
 ,,,,
 ,,,,
 ,,,,
 ,,,,
 ,,,,
 ,,,,
 ,,,,
 ,,,,
 ,,,,
 ,,,,
 ,,,,
 ,,,,
 ,,,,
 ,,,,
 ,,,,
 ,,,,
 ,,,,
 ,,,,
 ,,,,
 ,,,,
 ,,,,
 ,,,,
 ,,,,
 ,,,,
 ,,,,
 ,,,,
 ,,,,
 ,,,,
 ,,,,
 ,,,,
 ,,,,
 ,,,,
 ,,,,
 ,,,,
 ,,,,
 ,,,,
 ,,,,
 ,,,,
 ,,,,
 ,,,,
 ,,,,
 ,,,,
 ,,,,
 ,,,,
 ,,,,
 ,,,,
 ,,,,
 ,,,,
 ,,,,
 ,,,,
 ,,,,
 ,,,,
 ,,,,
 ,,,,
 ,,,,
 ,,,,
 ,,,,
 ,,,,
 ,,,,
 ,,,,
 ,,,,
 ,,,,
 ,,,,
 ,,,,
 ,,,,
 ,,,,
 ,,,,
 ,,,,
 ,,,,
 ,,,,
 ,,,,
 ,,,,
 ,,,,
 ,,,,
 ,,,,
 ,,,,
 ,,,,
 ,,,,
 ,,,,
 ,,,,
 ,,,,
 ,,,,
 ,,,,
 ,,,,
 ,,,,
 ,,,,
 ,,,,
 ,,,,
 ,,,,
 ,,,,
 ,,,,
 ,,,,
 ,,,,
 ,,,,
 ,,,,
 ,,,,
 ,,,,
 ,,,,
 ,,,,
 ,,,,
 ,,,,
 ,,,,
 ,,,,
 ,,,,
 ,,,,
 ,,,,
 ,,,,
 ,,,,
 ,,,,
 ,,,,
 ,,,,
 ,,,,
 ,,,,
 ,,,,
 ,,,,
 ,,,,
 ,,,,
 ,,,,
 ,,,,
 ,,,,
 ,,,,
 ,,,,
 ,,,,
 ,,,,
 ,,,,
 ,,,,
 ,,,,
 ,,,,
 ,,,,
 ,,,,
 ,,,,
 ,,,,
 ,,,,
 ,,,,
 ,,,,
 ,,,,
 ,,,,
 ,,,,
 ,,,,
 ,,,,
 ,,,,
 ,,,,
 ,,,,
 ,,,,
 ,,,,
 ,,,,
 ,,,,
 ,,,,
 ,,,,
 ,,,,
 ,,,,
 ,,,,
 ,,,,
 ,,,,
 ,,,,
 ,,,,
 ,,,,
 ,,,,
 ,,,,
 ,,,,
 ,,,,
 ,,,,
 ,,,,
 ,,,,
 ,,,,
 ,,,,
 ,,,,
 ,,,,
 ,,,,
 ,,,,
 ,,,,
 ,,,,
 ,,,,
 ,,,,
 ,,,,
 ,,,,
 ,,,,
 ,,,,
 ,,,,
 ,,,,
 ,,,,
 ,,,,
 ,,,,
 ,,,,
 ,,,,
 ,,,,
 ,,,,
 ,,,,
 ,,,,
 ,,,,
 ,,,,
 ,,,,
 ,,,,
 ,,,,
 ,,,,
 ,,,,
 ,,,,
 ,,,,
 ,,,,
 ,,,,
 ,,,,
 ,,,,
 ,,,,
 ,,,,
 ,,,,
 ,,,,
 ,,,,
 ,,,,
 ,,,,
 ,,,,
 ,,,,
 ,,,,
 ,,,,
 ,,,,
 ,,,,
 ,,,,
 ,,,,
 ,,,,
 ,,,,
 ,,,,
 ,,,,
 ,,,,
 ,,,,
 ,,,,
 ,,,,
 ,,,,
 ,,,,
 ,,,,
 ,,,,
 ,,,,
 ,,,,
 ,,,,
 ,,,,
 ,,,,
 ,,,,
 ,,,,
 ,,,,
 ,,,,
 ,,,,
 ,,,,
 ,,,,
 ,,,,
 ,,,,
 ,,,,
 ,,,,
 ,,,,
 ,,,,
 ,,,,
 ,,,,
 ,,,,
 ,,,,
 ,,,,
 ,,,,
 ,,,,
 ,,,,
 ,,,,
 ,,,,
 ,,,,
 ,,,,
 ,,,,
 ,,,,
 ,,,,
 ,,,,
 ,,,,
 ,,,,
 ,,,,
 ,,,,
 ,,,,
 ,,,,
 ,,,,
 ,,,,
 ,,,,
 ,,,,
 ,,,,
 ,,,,
 ,,,,
 ,,,,
 ,,,,
 ,,,,
 ,,,,
 ,,,,
 ,,,,
 ,,,,
 ,,,,
 ,,,,
 ,,,,
 ,,,,
 ,,,,
 ,,,,
 ,,,,
 ,,,,
 ,,,,
 ,,,,
 ,,,,
 ,,,,
 ,,,,
 ,,,,
 ,,,,
 ,,,,
 ,,,,
 ,,,,
 ,,,,
 ,,,,
 ,,,,
 ,,,,
 ,,,,
 ,,,,
 ,,,,
 ,,,,
 ,,,,
 ,,,,
 ,,,,
 ,,,,
 ,,,,
 ,,,,
 ,,,,
 ,,,,
 ,,,,
 ,,,,
 ,,,,
 ,,,,
 ,,,,
 ,,,,
 ,,,,
 ,,,,
 ,,,,
 ,,,,
 ,,,,
 ,,,,
 ,,,,
 ,,,,
 ,,,,
 ,,,,
 ,,,,
 ,,,,
 ,,,,
 ,,,,
 ,,,,
 ,,,,
 ,,,,
 ,,,,
 ,,,,
 ,,,,
 ,,,,
 ,,,,
 ,,,,
 ,,,,
 ,,,,
 ,,,,
 ,,,,
 ,,,,
 ,,,,
 ,,,,
 ,,,,
 ,,,,
 ,,,,
 ,,,,
 ,,,,
 ,,,,
 ,,,,
 ,,,,
 ,,,,
 ,,,,
 ,,,,
 ,,,,
 ,,,,
 ,,,,
 ,,,,
 ,,,,
 ,,,,
 ,,,,
 ,,,,
 ,,,,
 ,,,,
 ,,,,
 ,,,,
 ,,,,
 ,,,,
 ,,,,
 ,,,,
 ,,,,
 ,,,,
 ,,,,
 ,,,,
 ,,,,
 ,,,,
 ,,,,
 ,,,,
 ,,,,
 ,,,,
 ,,,,
 ,,,,
 ,,,,
 ,,,,
 ,,,,
 ,,,,
 ,,,,
 ,,,,
 ,,,,
 ,,,,
 ,,,,
 ,,,,
 ,,,,
 ,,,,
 ,,,,
 ,,,,
 ,,,,
 ,,,,
 ,,,,
 ,,,,
 ,,,,
 ,,,,
 ,,,,
 ,,,,
 ,,,,
 ,,,,
 ,,,,
 ,,,,
 ,,,,
 ,,,,
 ,,,,
 ,,,,
 ,,,,
 ,,,,
 ,,,,
 ,,,,
 ,,,,
 ,,,,
 ,,,,
 ,,,,
 ,,,,
 ,,,,
 ,,,,
 ,,,,
 ,,,,
 ,,,,
 ,,,,
 ,,,,
 ,,,,
 ,,,,
 ,,,,
 ,,,,
 ,,,,
 ,,,,
 ,,,,
 ,,,,
 ,,,,
 ,,,,
 ,,,,
 ,,,,
 ,,,,
 ,,,,
 ,,,,
 ,,,,
 ,,,,
 ,,,,
 ,,,,
 ,,,,
 ,,,,
 ,,,,
 ,,,,
 ,,,,
 ,,,,
 ,,,,
 ,,,,
 ,,,,
 ,,,,
 ,,,,
 ,,,,
 ,,,,
 ,,,,
 ,,,,
 ,,,,
 ,,,,
 ,,,,
 ,,,,
 ,,,,
 ,,,,
 ,,,,
 ,,,,
 ,,,,
 ,,,,
 ,,,,
 ,,,,
 ,,,,
 ,,,,
 ,,,,
 ,,,,
 ,,,,
 ,,,,
 ,,,,
 ,,,,
 ,,,,
 ,,,,
 ,,,,
 ,,,,
 ,,,,
 ,,,,
 ,,,,
 ,,,,
 ,,,,
 ,,,,
 ,,,,
 ,,,,
 ,,,,
 ,,,,
 ,,,,
 ,,,,
 ,,,,
 ,,,,
 ,,,,
 ,,,,
 ,,,,
 ,,,,
 ,,,,
 ,,,,
 ,,,,
 ,,,,
 ,,,,
 ,,,,
 ,,,,
 ,,,,
 ,,,,
 ,,,,
 ,,,,
 ,,,,
 ,,,,
 ,,,,
 ,,,,
 ,,,,
 ,,,,
 ,,,,
 ,,,,
 ,,,,
 ,,,,
 ,,,,
 ,,,,
 ,,,,
 ,,,,
 ,,,,
 ,,,,
 ,,,,
 ,,,,
 ,,,,
 ,,,,
 ,,,,
 ,,,,
 ,,,,
 ,,,,
 ,,,,
 ,,,,
 ,,,,
 ,,,,
 ,,,,
 ,,,,
 ,,,,
 ,,,,
 ,,,,
 ,,,,
 ,,,,
 ,,,,
 ,,,,
 ,,,,
 ,,,,
 ,,,,
 ,,,,
 ,,,,
 ,,,,
 ,,,,
 ,,,,
 ,,,,
 ,,,,
 ,,,,
 ,,,,
 ,,,,
 ,,,,
 ,,,,
 ,,,,
 ,,,,
 ,,,,
 ,,,,
 ,,,,
 ,,,,
 ,,,,
 ,,,,
 ,,,,
 ,,,,
 ,,,,
 ,,,,
 ,,,,
 ,,,,
 ,,,,
 ,,,,
 ,,,,
 ,,,,
 ,,,,
 ,,,,
 ,,,,
 ,,,,
 ,,,,
 ,,,,
 ,,,,
 ,,,,
 ,,,,
 ,,,,
 ,,,,
 ,,,,
 ,,,,
 ,,,,
 ,,,,
 ,,,,
 ,,,,
 ,,,,
 ,,,,
 ,,,,
 ,,,,
 ,,,,
 ,,,,
 ,,,,
 ,,,,
 ,,,,
 ,,,,
 ,,,,
 ,,,,
 ,,,,
 ,,,,
 ,,,,
 ,,,,
 ,,,,
 ,,,,
 ,,,,
 ,,,,
 ,,,,
 ,,,,
 ,,,,
 ,,,,
 ,,,,
 ,,,,
 ,,,,
 ,,,,
 ,,,,
 ,,,,
 ,,,,
 ,,,,
 ,,,,
 ,,,,
 ,,,,
 ,,,,
 ,,,,
 ,,,,
 ,,,,
 ,,,,
 ,,,,
 ,,,,
 ,,,,
 ,,,,
 ,,,,
 ,,,,
 ,,,,
 ,,,,
 ,,,,
 ,,,,
 ,,,,
 ,,,,
 ,,,,
 ,,,,
 ,,,,
 ,,,,
 ,,,,
 ,,,,
 ,,,,
 ,,,,
 ,,,,
 ,,,,
 ,,,,
 ,,,,
 ,,,,
 ,,,,
 ,,,,
 ,,,,
 ,,,,
 ,,,,
 ,,,,
 ,,,,
 ,,,,
 ,,,,
 ,,,,
 ,,,,
 ,,,,
 ,,,,
 ,,,,
 ,,,,
 ,,,,
 ,,,,
 ,,,,
 ,,,,
 ,,,,
 ,,,,
 ,,,,
 ,,,,
 ,,,,
 ,,,,
 ,,,,
 ,,,,
 ,,,,
 ,,,,
 ,,,,
 ,,,,
 ,,,,
 ,,,,
 ,,,,
 ,,,,
 ,,,,
 ,,,,
 ,,,,
 ,,,,
 ,,,,
 ,,,,
 ,,,,
 ,,,,
 ,,,,
 ,,,,
 ,,,,
 ,,,,
 ,,,,
 ,,,,
 ,,,,
 ,,,,
 ,,,,
 ,,,,
 ,,,,
 ,,,,
 ,,,,
,,,,
,,,,
<!DOCTYPE html>,,,,
,,,,
"<html xmlns=""http://www.w3.org/1999/xhtml"">",,,,
"<head><meta http-equiv=""Content-Type"" content=""text/html; charset=utf-8"" /><title>",,,,
,,,,
</title></head>,,,,
"<body onbeforeunload=""espera();"" onunload=""flecha();"">",,,,
"    <form method=""post"" action=""MuestraDatos.aspx?Par=Aforos&amp;Est=RUTA+PROVINCIAL+N%u00ba+157+-+ATAHONA"" id=""form1"">",,,,
"<div class=""aspNetHidden"">",,,,
"<input type=""hidden"" name=""__VIEWSTATE"" id=""__VIEWSTATE"" value=""/wEPDwUKLTEzNDM3NzkxOWRkahum0FS+wAGvi3sta1vwaxVjyp9cFmPXqTq5xikQhG4="" />",,,,
</div>,,,,
,,,,
"<div class=""aspNetHidden"">",,,,
,,,,
,"<input type=""hidden"" name=""__VIEWSTATEGENERATOR"" id=""__VIEWSTATEGENERATOR"" value=""B088F22E"" />",,,
</div>,,,,
    <div>,,,,
    ,,,,
    </div>,,,,
    </form>,,,,
"    <script type=""text/javascript""  src=""Script/Cursor.js""></script>",,,,
</body>,,,,
</html>,,,,
