<?xml version="1.0" encoding="UTF-8"?>
<metadata xml:lang="es"><Esri><CreaDate>20151009</CreaDate><CreaTime>18463400</CreaTime><ArcGISFormat>1.0</ArcGISFormat><SyncOnce>FALSE</SyncOnce><DataProperties><lineage><Process ToolSource="c:\arcgis\desktop10.1\ArcToolbox\Toolboxes\Conversion Tools.tbx\RasterToPolygon" Date="20130515" Time="124010">RasterToPolygon D:\RH\HMS-REGIONAL\Layers\cat5 C:\Users\Romina\AppData\Local\Temp\arc253C\AH20130515124005\AHTemp.gdb\tmpC713 NO_SIMPLIFY VALUE</Process><Process ToolSource="c:\arcgis\desktop10.1\ArcToolbox\Toolboxes\Data Management Tools.tbx\Dissolve" Date="20130515" Time="124012">Dissolve C:\Users\Romina\AppData\Local\Temp\arc253C\AH20130515124005\AHTemp.gdb\tmpC713 D:\RH\HMS-REGIONAL\cuencas-rhp.gdb\Layers\Catchment5 grid_code # MULTI_PART DISSOLVE_LINES</Process><Process ToolSource="c:\arcgis\desktop10.1\ArcToolbox\Toolboxes\Data Management Tools.tbx\AddField" Date="20130515" Time="124012">AddField D:\RH\HMS-REGIONAL\cuencas-rhp.gdb\Catchment5 HydroID LONG # # # HydroID NULLABLE NON_REQUIRED #</Process><Process ToolSource="c:\arcgis\desktop10.1\ArcToolbox\Toolboxes\Data Management Tools.tbx\AddField" Date="20130515" Time="124013">AddField D:\RH\HMS-REGIONAL\cuencas-rhp.gdb\Catchment5 GridID LONG # # # GridID NULLABLE NON_REQUIRED #</Process><Process ToolSource="c:\arcgis\desktop10.1\ArcToolbox\Toolboxes\Arc Hydro Tools.tbx\AssignHydroID" Date="20130515" Time="124013">AssignHydroID D:\RH\HMS-REGIONAL\cuencas-rhp.gdb\Layers\Catchment5 OVERWRITE_NO</Process><Process ToolSource="c:\arcgis\desktop10.1\ArcToolbox\Toolboxes\Data Management Tools.tbx\CalculateField" Date="20130515" Time="124013">CalculateField D:\RH\HMS-REGIONAL\cuencas-rhp.gdb\Layers\Catchment5 GridID [GRID_CODE] VB #</Process><Process ToolSource="c:\arcgis\desktop10.1\ArcToolbox\Toolboxes\Data Management Tools.tbx\DeleteField" Date="20130515" Time="124014">DeleteField D:\RH\HMS-REGIONAL\cuencas-rhp.gdb\Layers\Catchment5 grid_code</Process><Process ToolSource="c:\arcgis\desktop10.1\ArcToolbox\Toolboxes\Data Management Tools.tbx\AddIndex" Date="20130515" Time="124014">AddIndex D:\RH\HMS-REGIONAL\cuencas-rhp.gdb\Layers\Catchment5 HydroID HydroID_Index NON_UNIQUE ASCENDING</Process><Process ToolSource="c:\arcgis\desktop10.1\ArcToolbox\Toolboxes\Data Management Tools.tbx\AddIndex" Date="20130515" Time="124015">AddIndex D:\RH\HMS-REGIONAL\cuencas-rhp.gdb\Layers\Catchment5 GridID GridID_Index NON_UNIQUE ASCENDING</Process><Process ToolSource="c:\program files (x86)\arcgis\desktop10.1\ArcToolbox\Toolboxes\Data Management Tools.tbx\Merge" Date="20130902" Time="102858">Merge ARE_M4;CUENCA-CHAVARRIA;CUENCA_BALDERRAMA;CUENCA_FAMAILLAt;CUENCA_GASTONA;CUENCA_ROMANO;Cuenca_SINGUIL;CUENCAt_RIOSECO;MC-4t;RCH-2;MAT-1shp D:\invest\input_FOASS\foass_whs.shp "OBJECTID "OBJECTID" true true false 9 Long 0 9 ,First,#,ARE_M4,OBJECTID,-1,-1,CUENCA-CHAVARRIA,OBJECTID,-1,-1,RCH-2,OBJECTID,-1,-1,MAT-1shp,OBJECTID,-1,-1;Shape_Leng "Shape_Leng" true true false 19 Double 0 0 ,First,#,ARE_M4,Shape_Leng,-1,-1,CUENCA-CHAVARRIA,Shape_Leng,-1,-1,CUENCA_BALDERRAMA,Shape_Leng,-1,-1,CUENCA_FAMAILLAt,Shape_Leng,-1,-1,CUENCA_ROMANO,Shape_Leng,-1,-1,Cuenca_SINGUIL,Shape_Leng,-1,-1,MC-4t,Shape_Leng,-1,-1,RCH-2,Shape_Leng,-1,-1,MAT-1shp,Shape_Leng,-1,-1;Shape_Area "Shape_Area" true true false 19 Double 0 0 ,First,#,ARE_M4,Shape_Area,-1,-1,CUENCA-CHAVARRIA,Shape_Area,-1,-1,CUENCA_BALDERRAMA,Shape_Area,-1,-1,CUENCA_FAMAILLAt,Shape_Area,-1,-1,CUENCA_ROMANO,Shape_Area,-1,-1,Cuenca_SINGUIL,Shape_Area,-1,-1,MC-4t,Shape_Area,-1,-1,RCH-2,Shape_Area,-1,-1,MAT-1shp,Shape_Area,-1,-1;HydroID "HydroID" true true false 9 Long 0 9 ,First,#,ARE_M4,HydroID,-1,-1,CUENCA-CHAVARRIA,HydroID,-1,-1,CUENCA_BALDERRAMA,HydroID,-1,-1,CUENCA_FAMAILLAt,HydroID,-1,-1,CUENCA_GASTONA,HydroID,-1,-1,CUENCA_ROMANO,HydroID,-1,-1,Cuenca_SINGUIL,HydroID,-1,-1,CUENCAt_RIOSECO,HydroID,-1,-1,MC-4t,HydroID,-1,-1,RCH-2,HydroID,-1,-1,MAT-1shp,HydroID,-1,-1;GridID "GridID" true true false 9 Long 0 9 ,First,#,ARE_M4,GridID,-1,-1,CUENCA-CHAVARRIA,GridID,-1,-1,CUENCA_BALDERRAMA,GridID,-1,-1,CUENCA_FAMAILLAt,GridID,-1,-1,CUENCA_GASTONA,GridID,-1,-1,CUENCA_ROMANO,GridID,-1,-1,Cuenca_SINGUIL,GridID,-1,-1,CUENCAt_RIOSECO,GridID,-1,-1,MC-4t,GridID,-1,-1,RCH-2,GridID,-1,-1,MAT-1shp,GridID,-1,-1;NextDownID "NextDownID" true true false 9 Long 0 9 ,First,#,ARE_M4,NextDownID,-1,-1,CUENCA-CHAVARRIA,NextDownID,-1,-1,RCH-2,NextDownID,-1,-1,MAT-1shp,NextDownID,-1,-1;RiverOrder "RiverOrder" true true false 9 Long 0 9 ,First,#,ARE_M4,RiverOrder,-1,-1,CUENCA-CHAVARRIA,RiverOrder,-1,-1,RCH-2,RiverOrder,-1,-1,MAT-1shp,RiverOrder,-1,-1;area "area" true true false 4 Short 0 4 ,First,#,ARE_M4,area,-1,-1,CUENCA-CHAVARRIA,area,-1,-1,CUENCA_BALDERRAMA,area,-1,-1,CUENCA_FAMAILLAt,area,-1,-1,CUENCA_GASTONA,area,-1,-1,CUENCA_ROMANO,area,-1,-1,Cuenca_SINGUIL,area,-1,-1,CUENCAt_RIOSECO,area,-1,-1,MC-4t,AREA,-1,-1,RCH-2,area,-1,-1,MAT-1shp,area,-1,-1;perimetro "perimetro" true true false 4 Short 0 4 ,First,#,ARE_M4,perimetro,-1,-1,CUENCA-CHAVARRIA,perimetro,-1,-1,CUENCA_BALDERRAMA,perimetro,-1,-1,CUENCA_FAMAILLAt,perimetro,-1,-1,CUENCA_GASTONA,perimetro,-1,-1,CUENCA_ROMANO,perimetro,-1,-1,Cuenca_SINGUIL,perimetro,-1,-1,CUENCAt_RIOSECO,perimetro,-1,-1,MC-4t,Perimetro,-1,-1,RCH-2,perimetro,-1,-1,MAT-1shp,perimetro,-1,-1;OID_ "OID_" true true false 9 Long 0 9 ,First,#,CUENCA_BALDERRAMA,OID_,-1,-1,CUENCA_FAMAILLAt,OID_,-1,-1,CUENCA_GASTONA,OID_,-1,-1,CUENCA_ROMANO,OID_,-1,-1,Cuenca_SINGUIL,OID_,-1,-1,CUENCAt_RIOSECO,OID_,-1,-1,MC-4t,OID_,-1,-1;CuencasSur "CuencasSur" true true false 4 Short 0 4 ,First,#,CUENCA_BALDERRAMA,CuencasSur,-1,-1,CUENCA_FAMAILLAt,CuencasSur,-1,-1,CUENCA_GASTONA,CuencasSur,-1,-1,CUENCA_ROMANO,CuencasSur,-1,-1,Cuenca_SINGUIL,CuencasSur,-1,-1,CUENCAt_RIOSECO,CuencasSur,-1,-1;shape_le_1 "shape_le_1" true true false 4 Short 0 4 ,First,#,CUENCA_BALDERRAMA,shape_le_1,-1,-1"</Process><Process ToolSource="c:\program files (x86)\arcgis\desktop10.1\ArcToolbox\Toolboxes\Data Management Tools.tbx\Merge" Date="20140219" Time="163154">Merge ws D:\RDG\ws_m.shp "OBJECTID "OBJECTID" true true false 9 Long 0 9 ,First,#,ws,OBJECTID,-1,-1;Shape_Leng "Shape_Leng" true true false 19 Double 0 0 ,First,#,ws,Shape_Leng,-1,-1;Shape_Area "Shape_Area" true true false 19 Double 0 0 ,First,#,ws,Shape_Area,-1,-1;HydroID "HydroID" true true false 9 Long 0 9 ,First,#,ws,HydroID,-1,-1;GridID "GridID" true true false 9 Long 0 9 ,First,#,ws,GridID,-1,-1;NextDownID "NextDownID" true true false 9 Long 0 9 ,First,#,ws,NextDownID,-1,-1;RiverOrder "RiverOrder" true true false 9 Long 0 9 ,First,#,ws,RiverOrder,-1,-1;area "area" true true false 4 Short 0 4 ,First,#,ws,area,-1,-1;perimetro "perimetro" true true false 4 Short 0 4 ,First,#,ws,perimetro,-1,-1;OID_ "OID_" true true false 9 Long 0 9 ,First,#,ws,OID_,-1,-1;CuencasSur "CuencasSur" true true false 4 Short 0 4 ,First,#,ws,CuencasSur,-1,-1;shape_le_1 "shape_le_1" true true false 4 Short 0 4 ,First,#,ws,shape_le_1,-1,-1;id_subws "id_subws" true true false 4 Short 0 4 ,First,#,ws,id_subws,-1,-1;Subws_id "Subws_id" true true false 9 Long 0 9 ,First,#,ws,Subws_id,-1,-1"</Process></lineage><itemProps><itemName Sync="TRUE">ws_m</itemName><imsContentType Sync="TRUE">002</imsContentType><itemLocation><linkage Sync="TRUE">file://\\ROMINA-PC\D$\RDG\ws_m.shp</linkage><protocol Sync="TRUE">Local Area Network</protocol></itemLocation><itemSize Sync="TRUE">0.000</itemSize></itemProps><coordRef><type Sync="TRUE">Projected</type><geogcsn Sync="TRUE">GCS_POSGAR_1994</geogcsn><csUnits Sync="TRUE">Linear Unit: Meter (1.000000)</csUnits><projcsn Sync="TRUE">POSGAR_1994_Argentina_Zone_3</projcsn><peXml Sync="TRUE">&lt;ProjectedCoordinateSystem xsi:type='typens:ProjectedCoordinateSystem' xmlns:xsi='http://www.w3.org/2001/XMLSchema-instance' xmlns:xs='http://www.w3.org/2001/XMLSchema' xmlns:typens='http://www.esri.com/schemas/ArcGIS/10.1'&gt;&lt;WKT&gt;PROJCS[&amp;quot;POSGAR_1994_Argentina_Zone_3&amp;quot;,GEOGCS[&amp;quot;GCS_POSGAR_1994&amp;quot;,DATUM[&amp;quot;D_POSGAR_1994&amp;quot;,SPHEROID[&amp;quot;GRS_1980&amp;quot;,6378137.0,298.257222101]],PRIMEM[&amp;quot;Greenwich&amp;quot;,0.0],UNIT[&amp;quot;Degree&amp;quot;,0.0174532925199433]],PROJECTION[&amp;quot;Transverse_Mercator&amp;quot;],PARAMETER[&amp;quot;False_Easting&amp;quot;,3500000.0],PARAMETER[&amp;quot;False_Northing&amp;quot;,0.0],PARAMETER[&amp;quot;Central_Meridian&amp;quot;,-66.0],PARAMETER[&amp;quot;Scale_Factor&amp;quot;,1.0],PARAMETER[&amp;quot;Latitude_Of_Origin&amp;quot;,-90.0],UNIT[&amp;quot;Meter&amp;quot;,1.0],AUTHORITY[&amp;quot;EPSG&amp;quot;,22183]]&lt;/WKT&gt;&lt;XOrigin&gt;-2123200&lt;/XOrigin&gt;&lt;YOrigin&gt;-100&lt;/YOrigin&gt;&lt;XYScale&gt;450265407.00157917&lt;/XYScale&gt;&lt;ZOrigin&gt;-100000&lt;/ZOrigin&gt;&lt;ZScale&gt;10000&lt;/ZScale&gt;&lt;MOrigin&gt;-100000&lt;/MOrigin&gt;&lt;MScale&gt;10000&lt;/MScale&gt;&lt;XYTolerance&gt;0.001&lt;/XYTolerance&gt;&lt;ZTolerance&gt;0.001&lt;/ZTolerance&gt;&lt;MTolerance&gt;0.001&lt;/MTolerance&gt;&lt;HighPrecision&gt;true&lt;/HighPrecision&gt;&lt;WKID&gt;22183&lt;/WKID&gt;&lt;LatestWKID&gt;22183&lt;/LatestWKID&gt;&lt;/ProjectedCoordinateSystem&gt;</peXml></coordRef></DataProperties><SyncDate>20140219</SyncDate><SyncTime>16315400</SyncTime><ModDate>20140219</ModDate><ModTime>16315400</ModTime><ArcGISstyle>XTools Pro Metadata</ArcGISstyle></Esri><dataIdInfo><envirDesc Sync="TRUE">Microsoft Windows 7 Version 6.1 (Build 7601) Service Pack 1; Esri ArcGIS 10.1.1.3143</envirDesc><dataLang><languageCode value="spa" Sync="TRUE"></languageCode><countryCode value="MEX" Sync="TRUE"></countryCode></dataLang><idCitation><resTitle Sync="TRUE">ws_m</resTitle><presForm><PresFormCd value="005" Sync="TRUE"></PresFormCd></presForm></idCitation><spatRpType><SpatRepTypCd value="001" Sync="TRUE"></SpatRepTypCd></spatRpType></dataIdInfo><mdLang><languageCode value="spa" Sync="TRUE"></languageCode><countryCode value="MEX" Sync="TRUE"></countryCode></mdLang><distInfo><distFormat><formatName Sync="TRUE">Shapefile</formatName></distFormat><distTranOps><transSize Sync="TRUE">0.000</transSize></distTranOps></distInfo><mdHrLv><ScopeCd value="005" Sync="TRUE"></ScopeCd></mdHrLv><mdHrLvName Sync="TRUE">dataset</mdHrLvName><refSysInfo><RefSystem><refSysID><identCode code="22183" Sync="TRUE"></identCode><idCodeSpace Sync="TRUE">EPSG</idCodeSpace><idVersion Sync="TRUE">7.11.2</idVersion></refSysID></RefSystem></refSysInfo><spatRepInfo><VectSpatRep><geometObjs Name="ws_m"><geoObjTyp><GeoObjTypCd value="002" Sync="TRUE"></GeoObjTypCd></geoObjTyp><geoObjCnt Sync="TRUE">0</geoObjCnt></geometObjs><topLvl><TopoLevCd value="001" Sync="TRUE"></TopoLevCd></topLvl></VectSpatRep></spatRepInfo><spdoinfo><ptvctinf><esriterm Name="ws_m"><efeatyp Sync="TRUE">Simple</efeatyp><efeageom code="4" Sync="TRUE"></efeageom><esritopo Sync="TRUE">FALSE</esritopo><efeacnt Sync="TRUE">0</efeacnt><spindex Sync="TRUE">FALSE</spindex><linrefer Sync="TRUE">FALSE</linrefer></esriterm></ptvctinf></spdoinfo><eainfo><detailed Name="ws_m"><enttyp><enttypl Sync="TRUE">ws_m</enttypl><enttypt Sync="TRUE">Feature Class</enttypt><enttypc Sync="TRUE">0</enttypc></enttyp><attr><attrlabl Sync="TRUE">FID</attrlabl><attalias Sync="TRUE">FID</attalias><attrtype Sync="TRUE">OID</attrtype><attwidth Sync="TRUE">4</attwidth><atprecis Sync="TRUE">0</atprecis><attscale Sync="TRUE">0</attscale><attrdef Sync="TRUE">Internal feature number.</attrdef><attrdefs Sync="TRUE">Esri</attrdefs><attrdomv><udom Sync="TRUE">Sequential unique whole numbers that are automatically generated.</udom></attrdomv></attr><attr><attrlabl Sync="TRUE">OBJECTID</attrlabl><attalias Sync="TRUE">OBJECTID</attalias><attrtype Sync="TRUE">Integer</attrtype><attwidth Sync="TRUE">9</attwidth><atprecis Sync="TRUE">9</atprecis><attscale Sync="TRUE">0</attscale><attrdef Sync="TRUE">Internal feature number.</attrdef><attrdefs Sync="TRUE">Esri</attrdefs><attrdomv><udom Sync="TRUE">Sequential unique whole numbers that are automatically generated.</udom></attrdomv></attr><attr><attrlabl Sync="TRUE">Shape</attrlabl><attalias Sync="TRUE">Shape</attalias><attrtype Sync="TRUE">Geometry</attrtype><attwidth Sync="TRUE">0</attwidth><atprecis Sync="TRUE">0</atprecis><attscale Sync="TRUE">0</attscale><attrdef Sync="TRUE">Feature geometry.</attrdef><attrdefs Sync="TRUE">Esri</attrdefs><attrdomv><udom Sync="TRUE">Coordinates defining the features.</udom></attrdomv></attr><attr><attrlabl Sync="TRUE">Shape_Leng</attrlabl><attalias Sync="TRUE">Shape_Leng</attalias><attrtype Sync="TRUE">Double</attrtype><attwidth Sync="TRUE">19</attwidth><atprecis Sync="TRUE">0</atprecis><attscale Sync="TRUE">0</attscale></attr><attr><attrlabl Sync="TRUE">Shape_Area</attrlabl><attalias Sync="TRUE">Shape_Area</attalias><attrtype Sync="TRUE">Double</attrtype><attwidth Sync="TRUE">19</attwidth><atprecis Sync="TRUE">0</atprecis><attscale Sync="TRUE">0</attscale><attrdef Sync="TRUE">Area of feature in internal units squared.</attrdef><attrdefs Sync="TRUE">Esri</attrdefs><attrdomv><udom Sync="TRUE">Positive real numbers that are automatically generated.</udom></attrdomv></attr><attr><attrlabl Sync="TRUE">HydroID</attrlabl><attalias Sync="TRUE">HydroID</attalias><attrtype Sync="TRUE">Integer</attrtype><attwidth Sync="TRUE">9</attwidth><atprecis Sync="TRUE">9</atprecis><attscale Sync="TRUE">0</attscale></attr><attr><attrlabl Sync="TRUE">GridID</attrlabl><attalias Sync="TRUE">GridID</attalias><attrtype Sync="TRUE">Integer</attrtype><attwidth Sync="TRUE">9</attwidth><atprecis Sync="TRUE">9</atprecis><attscale Sync="TRUE">0</attscale></attr><attr><attrlabl Sync="TRUE">NextDownID</attrlabl><attalias Sync="TRUE">NextDownID</attalias><attrtype Sync="TRUE">Integer</attrtype><attwidth Sync="TRUE">9</attwidth><atprecis Sync="TRUE">9</atprecis><attscale Sync="TRUE">0</attscale></attr><attr><attrlabl Sync="TRUE">RiverOrder</attrlabl><attalias Sync="TRUE">RiverOrder</attalias><attrtype Sync="TRUE">Integer</attrtype><attwidth Sync="TRUE">9</attwidth><atprecis Sync="TRUE">9</atprecis><attscale Sync="TRUE">0</attscale></attr><attr><attrlabl Sync="TRUE">area</attrlabl><attalias Sync="TRUE">area</attalias><attrtype Sync="TRUE">SmallInteger</attrtype><attwidth Sync="TRUE">4</attwidth><atprecis Sync="TRUE">4</atprecis><attscale Sync="TRUE">0</attscale></attr><attr><attrlabl Sync="TRUE">perimetro</attrlabl><attalias Sync="TRUE">perimetro</attalias><attrtype Sync="TRUE">SmallInteger</attrtype><attwidth Sync="TRUE">4</attwidth><atprecis Sync="TRUE">4</atprecis><attscale Sync="TRUE">0</attscale></attr><attr><attrlabl Sync="TRUE">OID_</attrlabl><attalias Sync="TRUE">OID_</attalias><attrtype Sync="TRUE">Integer</attrtype><attwidth Sync="TRUE">9</attwidth><atprecis Sync="TRUE">9</atprecis><attscale Sync="TRUE">0</attscale></attr><attr><attrlabl Sync="TRUE">CuencasSur</attrlabl><attalias Sync="TRUE">CuencasSur</attalias><attrtype Sync="TRUE">SmallInteger</attrtype><attwidth Sync="TRUE">4</attwidth><atprecis Sync="TRUE">4</atprecis><attscale Sync="TRUE">0</attscale></attr><attr><attrlabl Sync="TRUE">shape_le_1</attrlabl><attalias Sync="TRUE">shape_le_1</attalias><attrtype Sync="TRUE">SmallInteger</attrtype><attwidth Sync="TRUE">4</attwidth><atprecis Sync="TRUE">4</atprecis><attscale Sync="TRUE">0</attscale></attr><attr><attrlabl Sync="TRUE">id_subws</attrlabl><attalias Sync="TRUE">id_subws</attalias><attrtype Sync="TRUE">SmallInteger</attrtype><attwidth Sync="TRUE">4</attwidth><atprecis Sync="TRUE">4</atprecis><attscale Sync="TRUE">0</attscale></attr><attr><attrlabl Sync="TRUE">Subws_id</attrlabl><attalias Sync="TRUE">Subws_id</attalias><attrtype Sync="TRUE">Integer</attrtype><attwidth Sync="TRUE">9</attwidth><atprecis Sync="TRUE">9</atprecis><attscale Sync="TRUE">0</attscale></attr></detailed></eainfo><mdDateSt Sync="TRUE">20140219</mdDateSt><mdChar><CharSetCd value="004" Sync="TRUE"></CharSetCd></mdChar></metadata>
