<?xml version="1.0"?>
<!--<!DOCTYPE metadata SYSTEM "http://www.esri.com/metadata/esriprof80.dtd">-->
<metadata xml:lang="es"><Esri><CreaDate>20180704</CreaDate><CreaTime>15234800</CreaTime><SyncOnce>FALSE</SyncOnce><DataProperties><lineage><Process Name="Create Feature Class" ToolSource="C:\Archivos de programa\ArcGIS\ArcToolbox\Toolboxes\Data Management Tools.tbx\CreateFeatureclass" Date="20060926" Time="092152">CreateFeatureclass "Database Connections\sde_SIGDRH.sde\sde.SIGDRH.Provincia" Ríos # Rios_Layer SAME_AS_TEMPLATE SAME_AS_TEMPLATE "{B286C06B-0879-11D2-AACA-00C04FA33C20};3010774,49234831 6462877,67354378 1953,12499818101;0 100000;0 100000" # 0 0 0 "Database Connections\sde_SIGDRH.sde\sde.SIGDRH.Provincia\sde.SIGDRH.Ríos"</Process><Process Name="Append" ToolSource="C:\Archivos de programa\ArcGIS\ArcToolbox\Toolboxes\Data Management Tools.tbx\Append" Date="20060926" Time="092200">Append Rios_Layer "Database Connections\sde_SIGDRH.sde\sde.SIGDRH.Provincia\sde.SIGDRH.Ríos" TEST "Database Connections\sde_SIGDRH.sde\sde.SIGDRH.Provincia\sde.SIGDRH.Ríos"</Process><Process Name="FeatureClassToFeatureClass_1" ToolSource="C:\Archivos de programa\ArcGIS\ArcToolbox\Toolboxes\Conversion Tools.tbx\FeatureClassToFeatureClass" Date="20060926" Time="092202">FeatureClassToFeatureClass D:\SIGDRH\PROVINCIA\Hidrografia\Rios\Vectores\DRH\Rios.shp "Database Connections\sde_SIGDRH.sde\sde.SIGDRH.Provincia" Ríos # "CALADO CALADO VISIBLE;CAUSA_CREC CAUSA_CREC VISIBLE;CUENCA CUENCA VISIBLE;ESTAC_CREC ESTAC_CREC VISIBLE;JERARQUíA JERARQUíA VISIBLE;LENGTH LENGTH VISIBLE;LPOLY_ LPOLY_ VISIBLE;NACIENTE NACIENTE VISIBLE;NAVEGABILI NAVEGABILI VISIBLE;NOMBRE NOMBRE VISIBLE;OBSERVACIO OBSERVACIO VISIBLE;PROVINCIA PROVINCIA VISIBLE;REGIMEN REGIMEN VISIBLE;SUP_CUENCA SUP_CUENCA VISIBLE;TIPO TIPO VISIBLE;TIPO_CRECI TIPO_CRECI VISIBLE;TNODE_ TNODE_ VISIBLE;UNION UNION VISIBLE" SAME_AS_TEMPLATE SAME_AS_TEMPLATE # 0 "Database Connections\sde_SIGDRH.sde\sde.SIGDRH.Provincia\sde.SIGDRH.Ríos"</Process><Process Name="FeatureClassToFeatureClass_1" ToolSource="C:\Archivos de programa\ArcGIS\ArcToolbox\Toolboxes\Conversion Tools.tbx\FeatureClassToFeatureClass" Date="20080731" Time="111605">FeatureClassToFeatureClass "Database Connections\sigdrh.sde\sde.SIGDRH.Provincia\sde.SIGDRH.Ríos" "Database Connections\sigdrh.sde\sde.SIGDRH.Provincia" FD_Rios # "CALADO CALADO true true false 8 Double 0 11 ,First,#,Database Connections\sigdrh.sde\sde.SIGDRH.Provincia\sde.SIGDRH.Ríos,CALADO,-1,-1;CAUSA_CREC CAUSA_CREC true true false 254 Text 0 0 ,First,#,Database Connections\sigdrh.sde\sde.SIGDRH.Provincia\sde.SIGDRH.Ríos,CAUSA_CREC,-1,-1;CUENCA CUENCA true true false 254 Text 0 0 ,First,#,Database Connections\sigdrh.sde\sde.SIGDRH.Provincia\sde.SIGDRH.Ríos,CUENCA,-1,-1;ESTAC_CREC ESTAC_CREC true true false 254 Text 0 0 ,First,#,Database Connections\sigdrh.sde\sde.SIGDRH.Provincia\sde.SIGDRH.Ríos,ESTAC_CREC,-1,-1;JERARQUÍA JERARQUÍA true true false 254 Text 0 0 ,First,#,Database Connections\sigdrh.sde\sde.SIGDRH.Provincia\sde.SIGDRH.Ríos,JERARQUÍA,-1,-1;LENGTH LENGTH true true false 8 Double 15 31 ,First,#,Database Connections\sigdrh.sde\sde.SIGDRH.Provincia\sde.SIGDRH.Ríos,LENGTH,-1,-1;LPOLY_ LPOLY_ true true false 8 Double 0 11 ,First,#,Database Connections\sigdrh.sde\sde.SIGDRH.Provincia\sde.SIGDRH.Ríos,LPOLY_,-1,-1;NACIENTE NACIENTE true true false 254 Text 0 0 ,First,#,Database Connections\sigdrh.sde\sde.SIGDRH.Provincia\sde.SIGDRH.Ríos,NACIENTE,-1,-1;NAVEGABILI NAVEGABILI true true false 254 Text 0 0 ,First,#,Database Connections\sigdrh.sde\sde.SIGDRH.Provincia\sde.SIGDRH.Ríos,NAVEGABILI,-1,-1;NOMBRE NOMBRE true true false 254 Text 0 0 ,First,#,Database Connections\sigdrh.sde\sde.SIGDRH.Provincia\sde.SIGDRH.Ríos,NOMBRE,-1,-1;OBSERVACIO OBSERVACIO true true false 254 Text 0 0 ,First,#,Database Connections\sigdrh.sde\sde.SIGDRH.Provincia\sde.SIGDRH.Ríos,OBSERVACIO,-1,-1;PROVINCIA PROVINCIA true true false 254 Text 0 0 ,First,#,Database Connections\sigdrh.sde\sde.SIGDRH.Provincia\sde.SIGDRH.Ríos,PROVINCIA,-1,-1;REGIMEN REGIMEN true true false 254 Text 0 0 ,First,#,Database Connections\sigdrh.sde\sde.SIGDRH.Provincia\sde.SIGDRH.Ríos,REGIMEN,-1,-1;SUP_CUENCA SUP_CUENCA true true false 8 Double 0 11 ,First,#,Database Connections\sigdrh.sde\sde.SIGDRH.Provincia\sde.SIGDRH.Ríos,SUP_CUENCA,-1,-1;TIPO TIPO true true false 254 Text 0 0 ,First,#,Database Connections\sigdrh.sde\sde.SIGDRH.Provincia\sde.SIGDRH.Ríos,TIPO,-1,-1;TIPO_CRECI TIPO_CRECI true true false 254 Text 0 0 ,First,#,Database Connections\sigdrh.sde\sde.SIGDRH.Provincia\sde.SIGDRH.Ríos,TIPO_CRECI,-1,-1;TNODE_ TNODE_ true true false 8 Double 0 11 ,First,#,Database Connections\sigdrh.sde\sde.SIGDRH.Provincia\sde.SIGDRH.Ríos,TNODE_,-1,-1;UNION_ UNION_ true true false 8 Double 0 11 ,First,#,Database Connections\sigdrh.sde\sde.SIGDRH.Provincia\sde.SIGDRH.Ríos,UNION_,-1,-1;len len false false true 0 Double 0 0 ,First,#,Database Connections\sigdrh.sde\sde.SIGDRH.Provincia\sde.SIGDRH.Ríos,SHAPE.len,-1,-1" # "Database Connections\sigdrh.sde\sde.SIGDRH.Provincia\sde.SIGDRH.FD_Rios"</Process><Process ToolSource="C:\Archivos de programa\ArcGIS\ArcToolbox\Toolboxes\Data Management Tools.tbx\CopyFeatures" Date="20080731" Time="121615">CopyFeatures D:\SIGDRH\PROVINCIA\Hidrografia\archivos_vectoriales\FC_Rios.shp "Database Connections\sigdrh.sde\sde.SIGDRH.Provincia\sde.SIGDRH.FC_Rios" # 0 0 0</Process><Process ToolSource="C:\Archivos de programa\ArcGIS\ArcToolbox\Toolboxes\Data Management Tools.tbx\CopyFeatures" Date="20090706" Time="095720">CopyFeatures "Database Connections\Connection to rhidrico2 (2).sde\sde.SIGDRH.Provincia\sde.SIGDRH.FC_Rios" D:\imagen\Shapefile\sde_SIGDRH_FC_Rios.shp # 0 0 0</Process><Process ToolSource="C:\Program Files\ArcGIS\ArcToolbox\Toolboxes\Data Management Tools.tbx\Project" Date="20121127" Time="184754">Project sde_SIGDRH_rios102010 "D:\RH\shape rios\sde_SIGDRH_rios102010_Projec.shp" GEOGCS['GCS_WGS_1984',DATUM['D_WGS_1984',SPHEROID['WGS_1984',6378137.0,298.257223563]],PRIMEM['Greenwich',0.0],UNIT['Degree',0.0174532925199433]] # PROJCS['POSGAR F-3',GEOGCS['WGS84',DATUM['D_WGS_1984',SPHEROID['WGS_1984',6378137.0,298.257223563]],PRIMEM['&lt;custom&gt;',-66.0],UNIT['Degree',0.0174532925199433]],PROJECTION['Transverse_Mercator'],PARAMETER['False_Easting',3500000.0],PARAMETER['False_Northing',0.0],PARAMETER['Central_Meridian',-66.0],PARAMETER['Scale_Factor',1.0],PARAMETER['Latitude_Of_Origin',-90.0],UNIT['Meter',1.0]]</Process><Process ToolSource="c:\arcgis\desktop10.1\ArcToolbox\Toolboxes\Analysis Tools.tbx\Clip" Date="20130614" Time="124144">Clip drenaje_co_project CUENCA_ROMANO "D:\RH\HMS-REGIONAL\cuencas-regional\New Folder\RIO ROMANO\ROMdrenaje.shp" #</Process><Process ToolSource="c:\program files (x86)\arcgis\desktop10.1\ArcToolbox\Toolboxes\Data Management Tools.tbx\Merge" Date="20130912" Time="150639">Merge ROMdrenaje;MCred;RCHdrenaje;RSEdrenaje;SINdrenaje;CHAdrenaje;BALdrenaje;MATdrenaje;GASred;AREM4drenaje;FAMdrenaje "D:\RH\shape rios\rios_FOA.shp" "OBJECTID "OBJECTID" true true false 10 Double 0 10 ,First,#,ROMdrenaje,OBJECTID,-1,-1,MCred,OBJECTID,-1,-1,RCHdrenaje,OBJECTID,-1,-1,RSEdrenaje,OBJECTID,-1,-1,SINdrenaje,OBJECTID,-1,-1,CHAdrenaje,OBJECTID,-1,-1,BALdrenaje,OBJECTID,-1,-1,MATdrenaje,OBJECTID,-1,-1,GASred,OBJECTID,-1,-1,AREM4drenaje,OBJECTID,-1,-1,FAMdrenaje,OBJECTID,-1,-1;CALADO "CALADO" true true false 11 Double 0 11 ,First,#,ROMdrenaje,CALADO,-1,-1,MCred,CALADO,-1,-1,RCHdrenaje,CALADO,-1,-1,RSEdrenaje,CALADO,-1,-1,SINdrenaje,CALADO,-1,-1,CHAdrenaje,CALADO,-1,-1,BALdrenaje,CALADO,-1,-1,MATdrenaje,CALADO,-1,-1,GASred,CALADO,-1,-1,AREM4drenaje,CALADO,-1,-1,FAMdrenaje,CALADO,-1,-1;CAUSA_CREC "CAUSA_CREC" true true false 254 Text 0 0 ,First,#,ROMdrenaje,CAUSA_CREC,-1,-1,MCred,CAUSA_CREC,-1,-1,RCHdrenaje,CAUSA_CREC,-1,-1,RSEdrenaje,CAUSA_CREC,-1,-1,SINdrenaje,CAUSA_CREC,-1,-1,CHAdrenaje,CAUSA_CREC,-1,-1,BALdrenaje,CAUSA_CREC,-1,-1,MATdrenaje,CAUSA_CREC,-1,-1,GASred,CAUSA_CREC,-1,-1,AREM4drenaje,CAUSA_CREC,-1,-1,FAMdrenaje,CAUSA_CREC,-1,-1;CUENCA "CUENCA" true true false 254 Text 0 0 ,First,#,ROMdrenaje,CUENCA,-1,-1,MCred,CUENCA,-1,-1,RCHdrenaje,CUENCA,-1,-1,RSEdrenaje,CUENCA,-1,-1,SINdrenaje,CUENCA,-1,-1,CHAdrenaje,CUENCA,-1,-1,BALdrenaje,CUENCA,-1,-1,MATdrenaje,CUENCA,-1,-1,GASred,CUENCA,-1,-1,AREM4drenaje,CUENCA,-1,-1,FAMdrenaje,CUENCA,-1,-1;ESTAC_CREC "ESTAC_CREC" true true false 254 Text 0 0 ,First,#,ROMdrenaje,ESTAC_CREC,-1,-1,MCred,ESTAC_CREC,-1,-1,RCHdrenaje,ESTAC_CREC,-1,-1,RSEdrenaje,ESTAC_CREC,-1,-1,SINdrenaje,ESTAC_CREC,-1,-1,CHAdrenaje,ESTAC_CREC,-1,-1,BALdrenaje,ESTAC_CREC,-1,-1,MATdrenaje,ESTAC_CREC,-1,-1,GASred,ESTAC_CREC,-1,-1,AREM4drenaje,ESTAC_CREC,-1,-1,FAMdrenaje,ESTAC_CREC,-1,-1;JERARQUÍA "JERARQUÍA" true true false 254 Text 0 0 ,First,#,ROMdrenaje,JERARQUÍA,-1,-1,MCred,JERARQUÍA,-1,-1,RCHdrenaje,JERARQUÍA,-1,-1,RSEdrenaje,JERARQUÍA,-1,-1,SINdrenaje,JERARQUÍA,-1,-1,CHAdrenaje,JERARQUÍA,-1,-1,BALdrenaje,JERARQUÍA,-1,-1,MATdrenaje,JERARQUÍA,-1,-1,GASred,JERARQUÍA,-1,-1,AREM4drenaje,JERARQUÍA,-1,-1,FAMdrenaje,JERARQUÍA,-1,-1;LENGTH "LENGTH" true true false 19 Double 15 18 ,First,#,ROMdrenaje,LENGTH,-1,-1,MCred,LENGTH,-1,-1,RCHdrenaje,LENGTH,-1,-1,RSEdrenaje,LENGTH,-1,-1,SINdrenaje,LENGTH,-1,-1,CHAdrenaje,LENGTH,-1,-1,BALdrenaje,LENGTH,-1,-1,MATdrenaje,LENGTH,-1,-1,GASred,LENGTH,-1,-1,AREM4drenaje,LENGTH,-1,-1,FAMdrenaje,LENGTH,-1,-1;LPOLY_ "LPOLY_" true true false 11 Double 0 11 ,First,#,ROMdrenaje,LPOLY_,-1,-1,MCred,LPOLY_,-1,-1,RCHdrenaje,LPOLY_,-1,-1,RSEdrenaje,LPOLY_,-1,-1,SINdrenaje,LPOLY_,-1,-1,CHAdrenaje,LPOLY_,-1,-1,BALdrenaje,LPOLY_,-1,-1,MATdrenaje,LPOLY_,-1,-1,GASred,LPOLY_,-1,-1,AREM4drenaje,LPOLY_,-1,-1,FAMdrenaje,LPOLY_,-1,-1;NACIENTE "NACIENTE" true true false 254 Text 0 0 ,First,#,ROMdrenaje,NACIENTE,-1,-1,MCred,NACIENTE,-1,-1,RCHdrenaje,NACIENTE,-1,-1,RSEdrenaje,NACIENTE,-1,-1,SINdrenaje,NACIENTE,-1,-1,CHAdrenaje,NACIENTE,-1,-1,BALdrenaje,NACIENTE,-1,-1,MATdrenaje,NACIENTE,-1,-1,GASred,NACIENTE,-1,-1,AREM4drenaje,NACIENTE,-1,-1,FAMdrenaje,NACIENTE,-1,-1;NAVEGABILI "NAVEGABILI" true true false 254 Text 0 0 ,First,#,ROMdrenaje,NAVEGABILI,-1,-1,MCred,NAVEGABILI,-1,-1,RCHdrenaje,NAVEGABILI,-1,-1,RSEdrenaje,NAVEGABILI,-1,-1,SINdrenaje,NAVEGABILI,-1,-1,CHAdrenaje,NAVEGABILI,-1,-1,BALdrenaje,NAVEGABILI,-1,-1,MATdrenaje,NAVEGABILI,-1,-1,GASred,NAVEGABILI,-1,-1,AREM4drenaje,NAVEGABILI,-1,-1,FAMdrenaje,NAVEGABILI,-1,-1;NOMBRE "NOMBRE" true true false 254 Text 0 0 ,First,#,ROMdrenaje,NOMBRE,-1,-1,MCred,NOMBRE,-1,-1,RCHdrenaje,NOMBRE,-1,-1,RSEdrenaje,NOMBRE,-1,-1,SINdrenaje,NOMBRE,-1,-1,CHAdrenaje,NOMBRE,-1,-1,BALdrenaje,NOMBRE,-1,-1,MATdrenaje,NOMBRE,-1,-1,GASred,NOMBRE,-1,-1,AREM4drenaje,NOMBRE,-1,-1,FAMdrenaje,NOMBRE,-1,-1;OBSERVACIO "OBSERVACIO" true true false 254 Text 0 0 ,First,#,ROMdrenaje,OBSERVACIO,-1,-1,MCred,OBSERVACIO,-1,-1,RCHdrenaje,OBSERVACIO,-1,-1,RSEdrenaje,OBSERVACIO,-1,-1,SINdrenaje,OBSERVACIO,-1,-1,CHAdrenaje,OBSERVACIO,-1,-1,BALdrenaje,OBSERVACIO,-1,-1,MATdrenaje,OBSERVACIO,-1,-1,GASred,OBSERVACIO,-1,-1,AREM4drenaje,OBSERVACIO,-1,-1,FAMdrenaje,OBSERVACIO,-1,-1;PROVINCIA "PROVINCIA" true true false 254 Text 0 0 ,First,#,ROMdrenaje,PROVINCIA,-1,-1,MCred,PROVINCIA,-1,-1,RCHdrenaje,PROVINCIA,-1,-1,RSEdrenaje,PROVINCIA,-1,-1,SINdrenaje,PROVINCIA,-1,-1,CHAdrenaje,PROVINCIA,-1,-1,BALdrenaje,PROVINCIA,-1,-1,MATdrenaje,PROVINCIA,-1,-1,GASred,PROVINCIA,-1,-1,AREM4drenaje,PROVINCIA,-1,-1,FAMdrenaje,PROVINCIA,-1,-1;REGIMEN "REGIMEN" true true false 254 Text 0 0 ,First,#,ROMdrenaje,REGIMEN,-1,-1,MCred,REGIMEN,-1,-1,RCHdrenaje,REGIMEN,-1,-1,RSEdrenaje,REGIMEN,-1,-1,SINdrenaje,REGIMEN,-1,-1,CHAdrenaje,REGIMEN,-1,-1,BALdrenaje,REGIMEN,-1,-1,MATdrenaje,REGIMEN,-1,-1,GASred,REGIMEN,-1,-1,AREM4drenaje,REGIMEN,-1,-1,FAMdrenaje,REGIMEN,-1,-1;SUP_CUENCA "SUP_CUENCA" true true false 11 Double 0 11 ,First,#,ROMdrenaje,SUP_CUENCA,-1,-1,MCred,SUP_CUENCA,-1,-1,RCHdrenaje,SUP_CUENCA,-1,-1,RSEdrenaje,SUP_CUENCA,-1,-1,SINdrenaje,SUP_CUENCA,-1,-1,CHAdrenaje,SUP_CUENCA,-1,-1,BALdrenaje,SUP_CUENCA,-1,-1,MATdrenaje,SUP_CUENCA,-1,-1,GASred,SUP_CUENCA,-1,-1,AREM4drenaje,SUP_CUENCA,-1,-1,FAMdrenaje,SUP_CUENCA,-1,-1;TIPO "TIPO" true true false 254 Text 0 0 ,First,#,ROMdrenaje,TIPO,-1,-1,MCred,TIPO,-1,-1,RCHdrenaje,TIPO,-1,-1,RSEdrenaje,TIPO,-1,-1,SINdrenaje,TIPO,-1,-1,CHAdrenaje,TIPO,-1,-1,BALdrenaje,TIPO,-1,-1,MATdrenaje,TIPO,-1,-1,GASred,TIPO,-1,-1,AREM4drenaje,TIPO,-1,-1,FAMdrenaje,TIPO,-1,-1;TIPO_CRECI "TIPO_CRECI" true true false 254 Text 0 0 ,First,#,ROMdrenaje,TIPO_CRECI,-1,-1,MCred,TIPO_CRECI,-1,-1,RCHdrenaje,TIPO_CRECI,-1,-1,RSEdrenaje,TIPO_CRECI,-1,-1,SINdrenaje,TIPO_CRECI,-1,-1,CHAdrenaje,TIPO_CRECI,-1,-1,BALdrenaje,TIPO_CRECI,-1,-1,MATdrenaje,TIPO_CRECI,-1,-1,GASred,TIPO_CRECI,-1,-1,AREM4drenaje,TIPO_CRECI,-1,-1,FAMdrenaje,TIPO_CRECI,-1,-1;TNODE_ "TNODE_" true true false 11 Double 0 11 ,First,#,ROMdrenaje,TNODE_,-1,-1,MCred,TNODE_,-1,-1,RCHdrenaje,TNODE_,-1,-1,RSEdrenaje,TNODE_,-1,-1,SINdrenaje,TNODE_,-1,-1,CHAdrenaje,TNODE_,-1,-1,BALdrenaje,TNODE_,-1,-1,MATdrenaje,TNODE_,-1,-1,GASred,TNODE_,-1,-1,AREM4drenaje,TNODE_,-1,-1,FAMdrenaje,TNODE_,-1,-1;UNION_ "UNION_" true true false 11 Double 0 11 ,First,#,ROMdrenaje,UNION_,-1,-1,MCred,UNION_,-1,-1,RCHdrenaje,UNION_,-1,-1,RSEdrenaje,UNION_,-1,-1,SINdrenaje,UNION_,-1,-1,CHAdrenaje,UNION_,-1,-1,BALdrenaje,UNION_,-1,-1,MATdrenaje,UNION_,-1,-1,GASred,UNION_,-1,-1,AREM4drenaje,UNION_,-1,-1,FAMdrenaje,UNION_,-1,-1;sde_SIGDRH "sde_SIGDRH" true true false 19 Double 8 18 ,First,#,ROMdrenaje,sde_SIGDRH,-1,-1,MCred,sde_SIGDRH,-1,-1,RCHdrenaje,sde_SIGDRH,-1,-1,RSEdrenaje,sde_SIGDRH,-1,-1,SINdrenaje,sde_SIGDRH,-1,-1,CHAdrenaje,sde_SIGDRH,-1,-1,BALdrenaje,sde_SIGDRH,-1,-1,MATdrenaje,sde_SIGDRH,-1,-1,GASred,sde_SIGDRH,-1,-1,AREM4drenaje,sde_SIGDRH,-1,-1,FAMdrenaje,sde_SIGDRH,-1,-1;SHAPE_len "SHAPE_len" true true false 19 Double 0 0 ,First,#,ROMdrenaje,SHAPE_len,-1,-1,MCred,SHAPE_len,-1,-1,RCHdrenaje,SHAPE_len,-1,-1,RSEdrenaje,SHAPE_len,-1,-1,SINdrenaje,SHAPE_len,-1,-1,CHAdrenaje,SHAPE_len,-1,-1,BALdrenaje,SHAPE_len,-1,-1,MATdrenaje,SHAPE_len,-1,-1,GASred,SHAPE_len,-1,-1,AREM4drenaje,SHAPE_len,-1,-1,FAMdrenaje,SHAPE_len,-1,-1;longitud "longitud" true true false 4 Short 0 4 ,First,#,ROMdrenaje,longitud,-1,-1,RCHdrenaje,longitud,-1,-1,RSEdrenaje,longitud,-1,-1,SINdrenaje,longitud,-1,-1,CHAdrenaje,longitud,-1,-1,BALdrenaje,longitud,-1,-1,MATdrenaje,longitud,-1,-1,GASred,longitud,-1,-1,AREM4drenaje,longitud,-1,-1,FAMdrenaje,longitud,-1,-1;order_rive "order_rive" true true false 4 Short 0 4 ,First,#,MCred,order_rive,-1,-1"</Process></lineage><itemProps><itemName Sync="TRUE">rios_FOA</itemName><imsContentType Sync="TRUE">002</imsContentType><itemSize Sync="TRUE">0.000</itemSize><itemLocation><linkage Sync="TRUE">file://\\ROMINA-PC\D$\RH\shape rios\rios_FOA.shp</linkage><protocol Sync="TRUE">Local Area Network</protocol></itemLocation></itemProps><coordRef><type Sync="TRUE">Projected</type><geogcsn Sync="TRUE">GCS_POSGAR_1994</geogcsn><csUnits Sync="TRUE">Linear Unit: Meter (1.000000)</csUnits><projcsn Sync="TRUE">POSGAR_1994_Argentina_Zone_3</projcsn><peXml Sync="TRUE">&lt;ProjectedCoordinateSystem xsi:type='typens:ProjectedCoordinateSystem' xmlns:xsi='http://www.w3.org/2001/XMLSchema-instance' xmlns:xs='http://www.w3.org/2001/XMLSchema' xmlns:typens='http://www.esri.com/schemas/ArcGIS/10.1'&gt;&lt;WKT&gt;PROJCS[&amp;quot;POSGAR_1994_Argentina_Zone_3&amp;quot;,GEOGCS[&amp;quot;GCS_POSGAR_1994&amp;quot;,DATUM[&amp;quot;D_POSGAR_1994&amp;quot;,SPHEROID[&amp;quot;GRS_1980&amp;quot;,6378137.0,298.257222101]],PRIMEM[&amp;quot;Greenwich&amp;quot;,0.0],UNIT[&amp;quot;Degree&amp;quot;,0.0174532925199433]],PROJECTION[&amp;quot;Transverse_Mercator&amp;quot;],PARAMETER[&amp;quot;False_Easting&amp;quot;,3500000.0],PARAMETER[&amp;quot;False_Northing&amp;quot;,0.0],PARAMETER[&amp;quot;Central_Meridian&amp;quot;,-66.0],PARAMETER[&amp;quot;Scale_Factor&amp;quot;,1.0],PARAMETER[&amp;quot;Latitude_Of_Origin&amp;quot;,-90.0],UNIT[&amp;quot;Meter&amp;quot;,1.0],AUTHORITY[&amp;quot;EPSG&amp;quot;,22183]]&lt;/WKT&gt;&lt;XOrigin&gt;-2123200&lt;/XOrigin&gt;&lt;YOrigin&gt;-100&lt;/YOrigin&gt;&lt;XYScale&gt;450265407.00157917&lt;/XYScale&gt;&lt;ZOrigin&gt;-100000&lt;/ZOrigin&gt;&lt;ZScale&gt;10000&lt;/ZScale&gt;&lt;MOrigin&gt;-100000&lt;/MOrigin&gt;&lt;MScale&gt;10000&lt;/MScale&gt;&lt;XYTolerance&gt;0.001&lt;/XYTolerance&gt;&lt;ZTolerance&gt;0.001&lt;/ZTolerance&gt;&lt;MTolerance&gt;0.001&lt;/MTolerance&gt;&lt;HighPrecision&gt;true&lt;/HighPrecision&gt;&lt;WKID&gt;22183&lt;/WKID&gt;&lt;LatestWKID&gt;22183&lt;/LatestWKID&gt;&lt;/ProjectedCoordinateSystem&gt;</peXml></coordRef></DataProperties><SyncDate>20130912</SyncDate><SyncTime>15063700</SyncTime><ModDate>20130912</ModDate><ModTime>15063700</ModTime><ArcGISFormat>1.0</ArcGISFormat></Esri><idinfo><native Sync="TRUE">Microsoft Windows XP Version 5.1 (Build 2600) Service Pack 2; ESRI ArcCatalog 9.3.0.1770</native><descript><langdata Sync="TRUE">es</langdata><abstract>REQUIRED: A brief narrative summary of the data set.</abstract><purpose>REQUIRED: A summary of the intentions with which the data set was developed.</purpose></descript><citation><citeinfo><origin>REQUIRED: The name of an organization or individual that developed the data set.</origin><pubdate>REQUIRED: The date when the data set is published or otherwise made available for release.</pubdate><title Sync="TRUE">sde_SIGDRH_FC_Rios</title><ftname Sync="TRUE">sde_SIGDRH_FC_Rios</ftname><geoform Sync="TRUE">vector digital data</geoform><onlink Sync="TRUE"></onlink></citeinfo></citation><timeperd><current>REQUIRED: The basis on which the time period of content information is determined.</current><timeinfo><sngdate><caldate>REQUIRED: The year (and optionally month, or month and day) for which the data set corresponds to the ground.</caldate></sngdate></timeinfo></timeperd><status><progress>REQUIRED: The state of the data set.</progress><update>REQUIRED: The frequency with which changes and additions are made to the data set after the initial data set is completed.</update></status><spdom><bounding><westbc Sync="TRUE">-66.408127</westbc><eastbc Sync="TRUE">-64.361150</eastbc><northbc Sync="TRUE">-26.001884</northbc><southbc Sync="TRUE">-28.019729</southbc></bounding><lboundng><leftbc Sync="TRUE">3459862.739809</leftbc><rightbc Sync="TRUE">3661197.873180</rightbc><bottombc Sync="TRUE">6901337.597506</bottombc><topbc Sync="TRUE">7123929.377553</topbc></lboundng></spdom><keywords><theme><themekt>REQUIRED: Reference to a formally registered thesaurus or a similar authoritative source of theme keywords.</themekt><themekey>REQUIRED: Common-use word or phrase used to describe the subject of the data set.</themekey></theme></keywords><accconst>REQUIRED: Restrictions and legal prerequisites for accessing the data set.</accconst><useconst>REQUIRED: Restrictions and legal prerequisites for using the data set after access is granted.</useconst><natvform Sync="TRUE">Shapefile</natvform></idinfo><dataIdInfo><envirDesc Sync="TRUE">Microsoft Windows 7 Version 6.1 (Build 7601) Service Pack 1; Esri ArcGIS 10.1.1.3143</envirDesc><dataLang><languageCode Sync="TRUE" value="spa"></languageCode><countryCode value="ESP" Sync="TRUE"></countryCode></dataLang><idCitation><resTitle Sync="TRUE">rios_FOA</resTitle><presForm><PresFormCd Sync="TRUE" value="005"></PresFormCd></presForm></idCitation><spatRpType><SpatRepTypCd Sync="TRUE" value="001"></SpatRepTypCd></spatRpType><dataExt><geoEle><GeoBndBox esriExtentType="native"><westBL Sync="TRUE">3459862.739809</westBL><eastBL Sync="TRUE">3661197.87318</eastBL><northBL Sync="TRUE">7123929.377553</northBL><southBL Sync="TRUE">6901337.597506</southBL><exTypeCode Sync="TRUE">1</exTypeCode></GeoBndBox></geoEle></dataExt><geoBox esriExtentType="decdegrees"><westBL Sync="TRUE">-66.408127</westBL><eastBL Sync="TRUE">-64.36115</eastBL><northBL Sync="TRUE">-26.001884</northBL><southBL Sync="TRUE">-28.019729</southBL><exTypeCode Sync="TRUE">1</exTypeCode></geoBox></dataIdInfo><metainfo><langmeta Sync="TRUE">es</langmeta><metstdn Sync="TRUE">FGDC Content Standards for Digital Geospatial Metadata</metstdn><metstdv Sync="TRUE">FGDC-STD-001-1998</metstdv><mettc Sync="TRUE">local time</mettc><metc><cntinfo><cntorgp><cntper>REQUIRED: The person responsible for the metadata information.</cntper><cntorg>REQUIRED: The organization responsible for the metadata information.</cntorg></cntorgp><cntaddr><addrtype>REQUIRED: The mailing and/or physical address for the organization or individual.</addrtype><city>REQUIRED: The city of the address.</city><state>REQUIRED: The state or province of the address.</state><postal>REQUIRED: The ZIP or other postal code of the address.</postal></cntaddr><cntvoice>REQUIRED: The telephone number by which individuals can speak to the organization or individual.</cntvoice></cntinfo></metc><metd Sync="TRUE">20090706</metd></metainfo><mdLang><languageCode Sync="TRUE" value="spa"></languageCode><countryCode value="ESP" Sync="TRUE"></countryCode></mdLang><mdStanName Sync="TRUE">ISO 19115 Geographic Information - Metadata</mdStanName><mdStanVer Sync="TRUE">DIS_ESRI1.0</mdStanVer><mdChar><CharSetCd Sync="TRUE" value="004"></CharSetCd></mdChar><mdHrLv><ScopeCd Sync="TRUE" value="005"></ScopeCd></mdHrLv><mdHrLvName Sync="TRUE">dataset</mdHrLvName><distinfo><resdesc Sync="TRUE">Downloadable Data</resdesc><stdorder><digform><digtinfo><transize Sync="TRUE">0,000</transize><dssize Sync="TRUE">0,000</dssize></digtinfo></digform></stdorder></distinfo><distInfo><distributor><distorTran><onLineSrc><orDesc Sync="TRUE">002</orDesc><linkage Sync="TRUE">file://</linkage><protocol Sync="TRUE">Local Area Network</protocol></onLineSrc><transSize Sync="TRUE">0,000</transSize></distorTran><distorFormat><formatName Sync="TRUE">Shapefile</formatName></distorFormat></distributor><distFormat><formatName Sync="TRUE">Shapefile</formatName></distFormat><distTranOps><transSize Sync="TRUE">0.000</transSize></distTranOps></distInfo><spdoinfo><direct Sync="TRUE">Vector</direct><ptvctinf><esriterm Name="rios_FOA"><efeatyp Sync="TRUE">Simple</efeatyp><efeageom code="3" Sync="TRUE"></efeageom><esritopo Sync="TRUE">FALSE</esritopo><efeacnt Sync="TRUE">0</efeacnt><spindex Sync="TRUE">FALSE</spindex><linrefer Sync="TRUE">FALSE</linrefer></esriterm></ptvctinf></spdoinfo><spref><horizsys><cordsysn><geogcsn Sync="TRUE">WGS84</geogcsn><projcsn Sync="TRUE">POSGAR F-3</projcsn></cordsysn><planar><planci><plance Sync="TRUE">coordinate pair</plance><plandu Sync="TRUE">meters</plandu><coordrep><absres Sync="TRUE">0.000000</absres><ordres Sync="TRUE">0.000000</ordres></coordrep></planci></planar><geodetic><horizdn Sync="TRUE">D_WGS_1984</horizdn><ellips Sync="TRUE">WGS_1984</ellips><semiaxis Sync="TRUE">6378137.000000</semiaxis><denflat Sync="TRUE">298.257224</denflat></geodetic></horizsys><vertdef><altsys><altenc Sync="TRUE">Explicit elevation coordinate included with horizontal coordinates</altenc><altres Sync="TRUE">1.000000</altres></altsys></vertdef></spref><refSysInfo><RefSystem><refSysID><identCode Sync="TRUE" code="22183">POSGAR F-3</identCode><idCodeSpace Sync="TRUE">EPSG</idCodeSpace><idVersion Sync="TRUE">7.11.2</idVersion></refSysID></RefSystem></refSysInfo><spatRepInfo><VectSpatRep><geometObjs Name="rios_FOA"><geoObjTyp><GeoObjTypCd value="002" Sync="TRUE"></GeoObjTypCd></geoObjTyp><geoObjCnt Sync="TRUE">0</geoObjCnt></geometObjs><topLvl><TopoLevCd value="001" Sync="TRUE"></TopoLevCd></topLvl></VectSpatRep></spatRepInfo><eainfo><detailed Name="rios_FOA"><enttyp><enttypl Sync="TRUE">rios_FOA</enttypl><enttypt Sync="TRUE">Feature Class</enttypt><enttypc Sync="TRUE">0</enttypc></enttyp><attr><attrlabl Sync="TRUE">FID</attrlabl><attalias Sync="TRUE">FID</attalias><attrtype Sync="TRUE">OID</attrtype><attwidth Sync="TRUE">4</attwidth><atprecis Sync="TRUE">0</atprecis><attscale Sync="TRUE">0</attscale><attrdef Sync="TRUE">Internal feature number.</attrdef><attrdefs Sync="TRUE">ESRI</attrdefs><attrdomv><udom Sync="TRUE">Sequential unique whole numbers that are automatically generated.</udom></attrdomv></attr><attr><attrlabl Sync="TRUE">OBJECTID</attrlabl><attalias Sync="TRUE">OBJECTID</attalias><attrtype Sync="TRUE">Double</attrtype><attwidth Sync="TRUE">10</attwidth><attrdef Sync="TRUE">Internal feature number.</attrdef><attrdefs Sync="TRUE">ESRI</attrdefs><attrdomv><udom Sync="TRUE">Sequential unique whole numbers that are automatically generated.</udom></attrdomv><atprecis Sync="TRUE">10</atprecis><attscale Sync="TRUE">0</attscale></attr><attr><attrlabl Sync="TRUE">CALADO</attrlabl><attalias Sync="TRUE">CALADO</attalias><attrtype Sync="TRUE">Double</attrtype><attwidth Sync="TRUE">11</attwidth><atprecis Sync="TRUE">11</atprecis><attscale Sync="TRUE">0</attscale></attr><attr><attrlabl Sync="TRUE">CAUSA_CREC</attrlabl><attalias Sync="TRUE">CAUSA_CREC</attalias><attrtype Sync="TRUE">String</attrtype><attwidth Sync="TRUE">254</attwidth><atprecis Sync="TRUE">0</atprecis><attscale Sync="TRUE">0</attscale></attr><attr><attrlabl Sync="TRUE">CUENCA</attrlabl><attalias Sync="TRUE">CUENCA</attalias><attrtype Sync="TRUE">String</attrtype><attwidth Sync="TRUE">254</attwidth><atprecis Sync="TRUE">0</atprecis><attscale Sync="TRUE">0</attscale></attr><attr><attrlabl Sync="TRUE">ESTAC_CREC</attrlabl><attalias Sync="TRUE">ESTAC_CREC</attalias><attrtype Sync="TRUE">String</attrtype><attwidth Sync="TRUE">254</attwidth><atprecis Sync="TRUE">0</atprecis><attscale Sync="TRUE">0</attscale></attr><attr><attrlabl Sync="TRUE">JERARQUÍA</attrlabl><attalias Sync="TRUE">JERARQUÍA</attalias><attrtype Sync="TRUE">String</attrtype><attwidth Sync="TRUE">254</attwidth><atprecis Sync="TRUE">0</atprecis><attscale Sync="TRUE">0</attscale></attr><attr><attrlabl Sync="TRUE">LENGTH</attrlabl><attalias Sync="TRUE">LENGTH</attalias><attrtype Sync="TRUE">Double</attrtype><attwidth Sync="TRUE">19</attwidth><atprecis Sync="TRUE">18</atprecis><attscale Sync="TRUE">15</attscale></attr><attr><attrlabl Sync="TRUE">LPOLY_</attrlabl><attalias Sync="TRUE">LPOLY_</attalias><attrtype Sync="TRUE">Double</attrtype><attwidth Sync="TRUE">11</attwidth><atprecis Sync="TRUE">11</atprecis><attscale Sync="TRUE">0</attscale></attr><attr><attrlabl Sync="TRUE">NACIENTE</attrlabl><attalias Sync="TRUE">NACIENTE</attalias><attrtype Sync="TRUE">String</attrtype><attwidth Sync="TRUE">254</attwidth><atprecis Sync="TRUE">0</atprecis><attscale Sync="TRUE">0</attscale></attr><attr><attrlabl Sync="TRUE">NAVEGABILI</attrlabl><attalias Sync="TRUE">NAVEGABILI</attalias><attrtype Sync="TRUE">String</attrtype><attwidth Sync="TRUE">254</attwidth><atprecis Sync="TRUE">0</atprecis><attscale Sync="TRUE">0</attscale></attr><attr><attrlabl Sync="TRUE">NOMBRE</attrlabl><attalias Sync="TRUE">NOMBRE</attalias><attrtype Sync="TRUE">String</attrtype><attwidth Sync="TRUE">254</attwidth><atprecis Sync="TRUE">0</atprecis><attscale Sync="TRUE">0</attscale></attr><attr><attrlabl Sync="TRUE">OBSERVACIO</attrlabl><attalias Sync="TRUE">OBSERVACIO</attalias><attrtype Sync="TRUE">String</attrtype><attwidth Sync="TRUE">254</attwidth><atprecis Sync="TRUE">0</atprecis><attscale Sync="TRUE">0</attscale></attr><attr><attrlabl Sync="TRUE">PROVINCIA</attrlabl><attalias Sync="TRUE">PROVINCIA</attalias><attrtype Sync="TRUE">String</attrtype><attwidth Sync="TRUE">254</attwidth><atprecis Sync="TRUE">0</atprecis><attscale Sync="TRUE">0</attscale></attr><attr><attrlabl Sync="TRUE">REGIMEN</attrlabl><attalias Sync="TRUE">REGIMEN</attalias><attrtype Sync="TRUE">String</attrtype><attwidth Sync="TRUE">254</attwidth><atprecis Sync="TRUE">0</atprecis><attscale Sync="TRUE">0</attscale></attr><attr><attrlabl Sync="TRUE">SUP_CUENCA</attrlabl><attalias Sync="TRUE">SUP_CUENCA</attalias><attrtype Sync="TRUE">Double</attrtype><attwidth Sync="TRUE">11</attwidth><atprecis Sync="TRUE">11</atprecis><attscale Sync="TRUE">0</attscale></attr><attr><attrlabl Sync="TRUE">TIPO</attrlabl><attalias Sync="TRUE">TIPO</attalias><attrtype Sync="TRUE">String</attrtype><attwidth Sync="TRUE">254</attwidth><atprecis Sync="TRUE">0</atprecis><attscale Sync="TRUE">0</attscale></attr><attr><attrlabl Sync="TRUE">TIPO_CRECI</attrlabl><attalias Sync="TRUE">TIPO_CRECI</attalias><attrtype Sync="TRUE">String</attrtype><attwidth Sync="TRUE">254</attwidth><atprecis Sync="TRUE">0</atprecis><attscale Sync="TRUE">0</attscale></attr><attr><attrlabl Sync="TRUE">TNODE_</attrlabl><attalias Sync="TRUE">TNODE_</attalias><attrtype Sync="TRUE">Double</attrtype><attwidth Sync="TRUE">11</attwidth><atprecis Sync="TRUE">11</atprecis><attscale Sync="TRUE">0</attscale></attr><attr><attrlabl Sync="TRUE">UNION_</attrlabl><attalias Sync="TRUE">UNION_</attalias><attrtype Sync="TRUE">Double</attrtype><attwidth Sync="TRUE">11</attwidth><atprecis Sync="TRUE">11</atprecis><attscale Sync="TRUE">0</attscale></attr><attr><attrlabl Sync="TRUE">SHAPE</attrlabl><attalias Sync="TRUE">Shape</attalias><attrtype Sync="TRUE">Geometry</attrtype><attwidth Sync="TRUE">0</attwidth><atprecis Sync="TRUE">0</atprecis><attscale Sync="TRUE">0</attscale><attrdef Sync="TRUE">Feature geometry.</attrdef><attrdefs Sync="TRUE">ESRI</attrdefs><attrdomv><udom Sync="TRUE">Coordinates defining the features.</udom></attrdomv></attr><attr><attrlabl Sync="TRUE">sde_SIGDRH</attrlabl><attalias Sync="TRUE">sde_SIGDRH</attalias><attrtype Sync="TRUE">Double</attrtype><attwidth Sync="TRUE">19</attwidth><atprecis Sync="TRUE">18</atprecis><attscale Sync="TRUE">8</attscale></attr><attr><attrlabl Sync="TRUE">SHAPE_len</attrlabl><attalias Sync="TRUE">SHAPE_len</attalias><attrtype Sync="TRUE">Double</attrtype><attwidth Sync="TRUE">19</attwidth><atprecis Sync="TRUE">0</atprecis><attscale Sync="TRUE">0</attscale></attr><attr><attrlabl Sync="TRUE">longitud</attrlabl><attalias Sync="TRUE">longitud</attalias><attrtype Sync="TRUE">SmallInteger</attrtype><attwidth Sync="TRUE">4</attwidth><atprecis Sync="TRUE">4</atprecis><attscale Sync="TRUE">0</attscale></attr><attr><attrlabl Sync="TRUE">order_rive</attrlabl><attalias Sync="TRUE">order_rive</attalias><attrtype Sync="TRUE">SmallInteger</attrtype><attwidth Sync="TRUE">4</attwidth><atprecis Sync="TRUE">4</atprecis><attscale Sync="TRUE">0</attscale></attr></detailed></eainfo><mdDateSt Sync="TRUE">20130912</mdDateSt><dataqual><lineage><procstep><procdesc Sync="TRUE">Dataset copied.</procdesc><srcused Sync="TRUE">Server=rhidrico2; Service=esri_sde; Database=sde; User=sigdrh; Version=sde.DEFAULT</srcused><date Sync="TRUE">20080731</date><time Sync="TRUE">11224100</time></procstep><procstep><procdesc Sync="TRUE">Dataset copied.</procdesc><srcused Sync="TRUE"></srcused><procdate Sync="TRUE">20121127</procdate><proctime Sync="TRUE">18475300</proctime></procstep></lineage></dataqual></metadata>
